customer_id,product_id,product_category,product_price,views,cart_adds,purchases,previous_purchases
CUST_1213,PROD_035,Sports,65.18,7.0,1.0,1,2
CUST_1199,PROD_003,Beauty,31.38,40.0,21.0,2,5
CUST_1092,PROD_013,Electronics,481.7,14.0,4.0,2,0
CUST_1020,PROD_030,Sports,67.63,4.0,0.0,0,8
CUST_1252,PROD_042,Beauty,22.83,12.0,4.0,2,0
CUST_1202,PROD_017,Sports,65.93,9.0,4.0,1,2
CUST_1394,PROD_012,Beauty,60.35,5.0,3.0,3,1
CUST_1010,PROD_012,Beauty,60.35,14.0,6.0,3,0
CUST_1013,PROD_037,Beauty,,25.0,14.0,3,2
CUST_1364,PROD_007,Home & Kitchen,35.97,6.0,2.0,0,0
CUST_1173,PROD_031,Books,20.87,6.0,1.0,1,5
CUST_1388,PROD_035,Sports,,4.0,1.0,1,0
CUST_1269,PROD_005,Home & Kitchen,281.19,3.0,0.0,0,8
CUST_1233,PROD_043,Electronics,,2.0,0.0,0,8
CUST_1181,PROD_045,Home & Kitchen,87.66,4.0,1.0,1,3
CUST_1185,PROD_010,Books,20.8,14.0,1.0,1,1
CUST_1179,PROD_049,Electronics,,7.0,1.0,1,5
CUST_1343,PROD_025,Books,33.13,7.0,1.0,1,1
CUST_1193,PROD_029,Books,26.96,2.0,0.0,0,0
CUST_1026,PROD_043,Electronics,673.49,8.0,2.0,0,1
CUST_1200,PROD_043,Electronics,673.49,9.0,4.0,1,0
CUST_1141,PROD_048,Clothing,35.06,8.0,2.0,0,3
CUST_1276,PROD_025,Books,33.13,11.0,3.0,0,3
CUST_1302,PROD_049,Electronics,558.06,10.0,3.0,0,2
CUST_1307,PROD_048,Clothing,35.06,9.0,4.0,3,2
CUST_1099,PROD_006,,18.86,8.0,8.0,2,5
CUST_1055,PROD_008,Clothing,113.86,9.0,4.0,2,12
CUST_1194,PROD_036,,819.91,5.0,1.0,0,12
CUST_1384,PROD_045,Home & Kitchen,87.66,7.0,0.0,0,0
CUST_1135,PROD_023,Clothing,59.6,6.0,,0,0
CUST_1122,PROD_050,Clothing,32.4,21.0,10.0,2,0
CUST_1042,PROD_005,Home & Kitchen,281.19,7.0,1.0,1,2
CUST_1337,PROD_020,Beauty,62.3,5.0,3.0,1,2
CUST_1359,PROD_045,Home & Kitchen,87.66,6.0,4.0,2,5
CUST_1287,PROD_050,Clothing,32.4,7.0,5.0,1,1
CUST_1101,PROD_049,Electronics,558.06,8.0,1.0,1,1
CUST_1029,PROD_041,Electronics,304.61,8.0,2.0,0,0
CUST_1307,PROD_039,Clothing,145.48,5.0,5.0,3,2
CUST_1125,PROD_002,Home & Kitchen,256.11,3.0,2.0,0,2
CUST_1335,PROD_011,Books,,11.0,1.0,0,1
CUST_1226,PROD_045,Home & Kitchen,87.66,10.0,5.0,0,2
CUST_1024,PROD_048,Clothing,35.06,19.0,5.0,3,3
CUST_1155,PROD_018,Books,40.44,2.0,1.0,0,2
CUST_1155,PROD_040,Books,38.05,2.0,1.0,0,2
CUST_1391,PROD_050,Clothing,32.4,13.0,4.0,0,8
CUST_1104,PROD_030,Sports,67.63,7.0,2.0,1,0
CUST_1065,PROD_047,Home & Kitchen,51.47,19.0,5.0,2,1
CUST_1010,PROD_003,Beauty,31.38,5.0,2.0,0,0
CUST_1326,PROD_017,Sports,65.93,17.0,7.0,0,0
CUST_1212,PROD_026,Books,35.77,7.0,,0,0
CUST_1389,PROD_004,Home & Kitchen,58.99,10.0,3.0,2,3
CUST_1132,PROD_013,Electronics,481.7,,0.0,0,2
CUST_1093,PROD_028,,20.75,5.0,4.0,2,12
CUST_1350,PROD_028,Books,20.75,6.0,4.0,1,5
CUST_1038,PROD_032,Clothing,,9.0,6.0,3,2
CUST_1259,PROD_049,Electronics,558.06,7.0,,0,5
CUST_1258,PROD_042,Beauty,22.83,18.0,9.0,2,0
CUST_1213,PROD_027,Home & Kitchen,293.7,12.0,7.0,3,2
CUST_1234,PROD_036,Electronics,819.91,4.0,1.0,1,0
CUST_1149,PROD_049,Electronics,558.06,7.0,3.0,1,1
CUST_1131,PROD_028,Books,20.75,13.0,8.0,1,0
CUST_1351,PROD_009,Sports,68.53,19.0,10.0,1,1
CUST_1200,PROD_005,Home & Kitchen,281.19,2.0,0.0,0,0
CUST_1029,PROD_025,Books,,11.0,0.0,0,0
CUST_1279,PROD_035,Sports,65.18,6.0,1.0,0,5
CUST_1286,PROD_035,Sports,65.18,10.0,4.0,3,2
CUST_1046,PROD_009,Sports,68.53,8.0,5.0,3,1
CUST_1090,PROD_012,Beauty,60.35,10.0,4.0,2,2
CUST_1385,PROD_042,Beauty,22.83,6.0,4.0,3,0
CUST_1147,PROD_005,Home & Kitchen,281.19,16.0,2.0,0,1
CUST_1200,PROD_043,Electronics,673.49,16.0,5.0,0,0
CUST_1023,PROD_016,Sports,43.57,11.0,2.0,0,0
CUST_1066,PROD_032,Clothing,120.77,,0.0,0,3
CUST_1190,PROD_016,Sports,43.57,10.0,4.0,3,1
CUST_1340,PROD_026,Books,35.77,5.0,3.0,2,2
CUST_1297,PROD_018,Books,40.44,6.0,1.0,0,2
CUST_1184,PROD_032,Clothing,120.77,7.0,0.0,0,2
CUST_1245,PROD_038,Clothing,90.16,5.0,3.0,1,1
CUST_1331,PROD_005,Home & Kitchen,281.19,6.0,4.0,2,1
CUST_1203,PROD_049,Electronics,558.06,3.0,0.0,0,3
CUST_1262,PROD_013,Electronics,481.7,5.0,0.0,0,1
CUST_1348,PROD_003,,31.38,15.0,7.0,2,0
CUST_1175,PROD_046,Home & Kitchen,259.15,8.0,3.0,0,1
CUST_1211,PROD_008,Clothing,113.86,7.0,1.0,1,0
CUST_1247,PROD_015,Books,29.59,9.0,4.0,2,1
CUST_1061,PROD_043,Electronics,673.49,6.0,,0,2
CUST_1323,PROD_016,Sports,43.57,19.0,9.0,2,1
CUST_1229,PROD_013,Electronics,481.7,9.0,,0,1
CUST_1025,PROD_018,Books,40.44,9.0,1.0,0,5
CUST_1146,PROD_007,Home & Kitchen,35.97,8.0,2.0,2,3
CUST_1291,PROD_009,Sports,68.53,17.0,6.0,2,2
CUST_1288,PROD_033,Clothing,71.37,14.0,7.0,3,3
CUST_1083,PROD_045,Home & Kitchen,87.66,5.0,1.0,0,1
CUST_1283,PROD_047,Home & Kitchen,51.47,6.0,1.0,1,1
CUST_1254,PROD_005,Home & Kitchen,281.19,10.0,2.0,2,1
CUST_1232,PROD_037,Beauty,55.81,5.0,2.0,2,1
CUST_1048,PROD_035,Sports,65.18,8.0,3.0,2,2
CUST_1285,PROD_041,Electronics,304.61,6.0,1.0,0,5
CUST_1023,PROD_035,,65.18,5.0,3.0,3,0
CUST_1045,PROD_004,Home & Kitchen,58.99,5.0,4.0,2,1
CUST_1397,PROD_027,Home & Kitchen,293.7,3.0,0.0,0,2
CUST_1227,PROD_030,Sports,67.63,5.0,0.0,0,1
CUST_1341,PROD_033,,71.37,5.0,1.0,0,2
CUST_1125,PROD_037,Beauty,55.81,8.0,3.0,0,2
CUST_1215,PROD_026,Books,35.77,6.0,4.0,1,1
CUST_1265,PROD_033,Clothing,71.37,15.0,10.0,3,0
CUST_1036,PROD_004,Home & Kitchen,58.99,5.0,0.0,0,1
CUST_1324,PROD_022,Books,39.04,9.0,5.0,2,1
CUST_1067,PROD_004,Home & Kitchen,58.99,5.0,4.0,3,5
CUST_1359,PROD_004,Home & Kitchen,58.99,8.0,3.0,0,5
CUST_1066,PROD_005,Home & Kitchen,281.19,10.0,4.0,2,3
CUST_1321,PROD_013,Electronics,481.7,10.0,4.0,0,2
CUST_1308,PROD_015,Books,29.59,5.0,1.0,0,0
CUST_1010,PROD_003,Beauty,31.38,7.0,2.0,1,0
CUST_1114,PROD_002,Home & Kitchen,256.11,3.0,1.0,1,3
CUST_1303,PROD_046,Home & Kitchen,259.15,11.0,1.0,0,0
CUST_1308,PROD_003,Beauty,31.38,2.0,0.0,0,0
CUST_1023,PROD_017,Sports,65.93,9.0,3.0,0,0
CUST_1243,PROD_028,Books,20.75,5.0,2.0,2,1
CUST_1174,PROD_008,Clothing,113.86,18.0,8.0,2,1
CUST_1029,PROD_036,Electronics,819.91,7.0,2.0,2,0
CUST_1048,PROD_012,Beauty,60.35,11.0,1.0,1,2
CUST_1246,PROD_035,Sports,65.18,2.0,0.0,0,2
CUST_1246,PROD_026,Books,35.77,8.0,7.0,0,2
CUST_1215,PROD_010,Books,20.8,,3.0,2,1
CUST_1022,PROD_037,Beauty,55.81,2.0,0.0,0,1
CUST_1035,PROD_032,Clothing,120.77,8.0,5.0,2,3
CUST_1004,PROD_013,Electronics,481.7,10.0,3.0,0,1
CUST_1075,PROD_035,Sports,65.18,7.0,3.0,0,2
CUST_1173,PROD_003,Beauty,31.38,23.0,15.0,1,5
CUST_1289,PROD_005,Home & Kitchen,281.19,6.0,1.0,0,0
CUST_1112,PROD_031,Books,20.87,6.0,1.0,1,2
CUST_1117,PROD_027,Home & Kitchen,293.7,4.0,0.0,0,8
CUST_1246,PROD_026,Books,35.77,12.0,6.0,0,2
CUST_1141,PROD_036,Electronics,819.91,5.0,2.0,1,3
CUST_1130,PROD_004,Home & Kitchen,58.99,15.0,7.0,2,3
CUST_1061,PROD_043,Electronics,673.49,9.0,5.0,2,2
CUST_1354,PROD_042,Beauty,22.83,,4.0,1,20
CUST_1254,PROD_008,Clothing,113.86,7.0,5.0,1,1
CUST_1390,PROD_039,Clothing,145.48,5.0,4.0,2,8
CUST_1044,PROD_040,Books,38.05,5.0,1.0,1,0
CUST_1266,PROD_013,Electronics,481.7,28.0,9.0,1,0
CUST_1015,PROD_026,Books,35.77,3.0,2.0,1,3
CUST_1302,PROD_036,Electronics,,8.0,3.0,1,2
CUST_1309,PROD_037,Beauty,55.81,21.0,8.0,2,1
CUST_1030,PROD_018,Books,40.44,8.0,,1,1
CUST_1384,PROD_050,Clothing,32.4,2.0,0.0,0,0
CUST_1183,PROD_028,Books,20.75,19.0,9.0,1,1
CUST_1250,PROD_049,Electronics,558.06,7.0,2.0,2,1
CUST_1111,PROD_019,Home & Kitchen,279.38,5.0,3.0,3,5
CUST_1328,PROD_030,Sports,67.63,7.0,5.0,2,3
CUST_1285,PROD_014,Clothing,26.07,5.0,5.0,3,5
CUST_1016,PROD_034,Books,40.7,6.0,5.0,2,8
CUST_1004,PROD_043,Electronics,673.49,5.0,3.0,1,1
CUST_1084,PROD_009,Sports,68.53,7.0,5.0,2,12
CUST_1245,PROD_050,Clothing,32.4,7.0,4.0,1,1
CUST_1372,PROD_033,Clothing,71.37,16.0,11.0,3,20
CUST_1316,PROD_007,Home & Kitchen,35.97,4.0,0.0,0,5
CUST_1396,PROD_049,Electronics,558.06,10.0,4.0,0,1
CUST_1266,PROD_022,Books,39.04,5.0,0.0,0,0
CUST_1359,PROD_019,Home & Kitchen,279.38,20.0,8.0,1,5
CUST_1335,PROD_006,Books,18.86,7.0,4.0,1,1
CUST_1391,PROD_013,Electronics,481.7,5.0,2.0,1,8
CUST_1083,PROD_035,Sports,,5.0,3.0,2,1
CUST_1145,PROD_004,Home & Kitchen,58.99,16.0,5.0,0,1
CUST_1233,PROD_035,Sports,65.18,,4.0,2,8
CUST_1042,PROD_037,Beauty,55.81,3.0,0.0,0,2
CUST_1335,PROD_017,Sports,65.93,5.0,0.0,0,1
CUST_1343,PROD_038,Clothing,90.16,7.0,3.0,3,1
CUST_1135,PROD_039,Clothing,145.48,5.0,1.0,1,0
CUST_1378,PROD_017,Sports,65.93,11.0,7.0,0,0
CUST_1098,PROD_049,Electronics,558.06,8.0,1.0,0,2
CUST_1259,PROD_024,Beauty,39.24,13.0,4.0,0,5
CUST_1146,PROD_045,Home & Kitchen,87.66,7.0,2.0,0,3
CUST_1122,PROD_050,Clothing,32.4,,3.0,1,0
CUST_1217,PROD_034,Books,40.7,10.0,7.0,1,1
CUST_1370,PROD_010,Books,20.8,2.0,0.0,0,1
CUST_1138,PROD_041,Electronics,304.61,9.0,2.0,1,0
CUST_1214,PROD_046,Home & Kitchen,259.15,16.0,1.0,0,1
CUST_1160,PROD_037,Beauty,55.81,8.0,3.0,3,0
CUST_1272,PROD_043,Electronics,673.49,11.0,1.0,0,1
CUST_1060,PROD_031,Books,20.87,9.0,4.0,1,0
CUST_1119,PROD_035,Sports,65.18,7.0,4.0,2,1
CUST_1281,PROD_044,Books,26.09,6.0,3.0,3,2
CUST_1111,PROD_033,Clothing,71.37,6.0,1.0,1,5
CUST_1105,PROD_009,Sports,68.53,19.0,11.0,1,1
CUST_1329,PROD_030,Sports,,3.0,0.0,0,0
CUST_1358,PROD_027,Home & Kitchen,293.7,2.0,0.0,0,0
CUST_1034,PROD_034,Books,40.7,6.0,2.0,0,1
CUST_1057,PROD_046,Home & Kitchen,259.15,7.0,3.0,1,1
CUST_1358,PROD_017,Sports,65.93,9.0,3.0,3,0
CUST_1063,PROD_035,Sports,65.18,10.0,6.0,2,8
CUST_1191,PROD_019,Home & Kitchen,279.38,6.0,,1,1
CUST_1290,PROD_014,Clothing,26.07,5.0,4.0,2,1
CUST_1029,PROD_025,Books,33.13,11.0,0.0,0,0
CUST_1364,PROD_002,Home & Kitchen,256.11,6.0,3.0,1,0
CUST_1059,PROD_009,Sports,68.53,,3.0,1,3
CUST_1021,PROD_012,Beauty,60.35,2.0,1.0,1,1
CUST_1188,PROD_013,Electronics,481.7,5.0,4.0,2,2
CUST_1348,PROD_037,Beauty,55.81,13.0,6.0,1,0
CUST_1355,PROD_018,Books,40.44,11.0,,0,1
CUST_1355,PROD_022,Books,39.04,9.0,0.0,0,1
CUST_1361,PROD_050,Clothing,32.4,7.0,4.0,3,1
CUST_1012,PROD_040,Books,38.05,6.0,5.0,3,8
CUST_1028,PROD_013,Electronics,481.7,10.0,3.0,2,2
CUST_1365,PROD_044,Books,26.09,7.0,3.0,0,1
CUST_1379,PROD_042,Beauty,22.83,,4.0,2,5
CUST_1338,PROD_047,Home & Kitchen,51.47,12.0,0.0,0,1
CUST_1217,PROD_034,Books,40.7,10.0,7.0,1,1
CUST_1286,PROD_016,Sports,43.57,11.0,4.0,2,2
CUST_1341,PROD_044,Books,26.09,13.0,5.0,0,2
CUST_1269,PROD_009,Sports,,,2.0,1,8
CUST_1014,PROD_037,Beauty,55.81,9.0,5.0,3,1
CUST_1003,PROD_030,Sports,67.63,9.0,7.0,3,8
CUST_1394,PROD_020,Beauty,62.3,9.0,2.0,1,1
CUST_1103,PROD_030,Sports,67.63,10.0,4.0,2,3
CUST_1296,PROD_003,Beauty,31.38,6.0,0.0,0,5
CUST_1107,PROD_033,Clothing,71.37,17.0,10.0,1,3
CUST_1100,PROD_020,Beauty,62.3,13.0,4.0,0,1
CUST_1015,PROD_028,Books,20.75,2.0,0.0,0,3
CUST_1381,PROD_042,Beauty,22.83,10.0,9.0,1,3
CUST_1010,PROD_012,Beauty,60.35,10.0,5.0,1,0
CUST_1263,PROD_030,,67.63,,2.0,0,5
CUST_1011,PROD_013,Electronics,481.7,11.0,4.0,0,1
CUST_1025,PROD_027,Home & Kitchen,293.7,9.0,2.0,2,5
CUST_1259,PROD_049,Electronics,558.06,12.0,6.0,1,5
CUST_1370,PROD_047,Home & Kitchen,51.47,2.0,1.0,1,1
CUST_1104,PROD_046,Home & Kitchen,259.15,13.0,,0,0
CUST_1079,PROD_011,Books,41.36,10.0,4.0,1,1
CUST_1388,PROD_034,Books,40.7,2.0,0.0,0,0
CUST_1262,PROD_014,,26.07,14.0,9.0,1,1
CUST_1378,PROD_049,Electronics,558.06,2.0,0.0,0,0
CUST_1229,PROD_004,Home & Kitchen,58.99,7.0,1.0,0,1
CUST_1184,PROD_035,Sports,65.18,7.0,4.0,0,2
CUST_1021,PROD_034,Books,40.7,2.0,1.0,1,1
CUST_1305,PROD_041,Electronics,304.61,18.0,7.0,1,8
CUST_1310,PROD_004,Home & Kitchen,58.99,2.0,0.0,0,0
CUST_1287,PROD_021,Clothing,143.36,5.0,2.0,0,1
CUST_1358,PROD_014,Clothing,26.07,3.0,0.0,0,0
CUST_1198,PROD_007,Home & Kitchen,35.97,9.0,3.0,3,0
CUST_1208,PROD_030,Sports,67.63,11.0,7.0,2,0
CUST_1317,PROD_013,Electronics,481.7,6.0,2.0,2,3
CUST_1368,PROD_027,,293.7,11.0,5.0,2,8
CUST_1068,PROD_022,Books,39.04,9.0,1.0,0,5
CUST_1060,PROD_044,Books,26.09,5.0,3.0,2,0
CUST_1266,PROD_013,Electronics,481.7,28.0,9.0,1,0
CUST_1067,PROD_007,Home & Kitchen,35.97,5.0,3.0,2,5
CUST_1231,PROD_037,Beauty,55.81,9.0,5.0,1,12
CUST_1333,PROD_023,Clothing,59.6,7.0,0.0,0,0
CUST_1007,PROD_020,Beauty,62.3,10.0,1.0,0,2
CUST_1385,PROD_020,Beauty,62.3,14.0,5.0,2,0
CUST_1239,PROD_030,Sports,67.63,7.0,4.0,3,1
CUST_1273,PROD_045,Home & Kitchen,,2.0,0.0,0,0
CUST_1313,PROD_023,Clothing,59.6,6.0,4.0,3,8
CUST_1224,PROD_031,Books,20.87,8.0,6.0,2,5
CUST_1116,PROD_035,Sports,65.18,7.0,3.0,1,5
CUST_1222,PROD_004,Home & Kitchen,58.99,4.0,0.0,0,1
CUST_1273,PROD_029,Books,26.96,10.0,,0,0
CUST_1230,PROD_035,Sports,65.18,9.0,5.0,1,5
CUST_1380,PROD_032,Clothing,120.77,26.0,0.0,0,1
CUST_1214,PROD_045,Home & Kitchen,,10.0,1.0,0,1
CUST_1197,PROD_025,Books,33.13,5.0,2.0,1,1
CUST_1207,PROD_032,Clothing,,6.0,2.0,0,5
CUST_1308,PROD_027,Home & Kitchen,293.7,6.0,3.0,2,0
CUST_1354,PROD_012,Beauty,60.35,11.0,5.0,2,20
CUST_1060,PROD_040,Books,38.05,5.0,3.0,0,0
CUST_1341,PROD_032,Clothing,120.77,22.0,11.0,3,2
CUST_1399,PROD_030,Sports,67.63,19.0,15.0,2,8
CUST_1152,PROD_033,Clothing,71.37,14.0,6.0,0,2
CUST_1037,PROD_013,Electronics,481.7,14.0,1.0,0,1
CUST_1182,PROD_019,Home & Kitchen,279.38,5.0,2.0,0,20
CUST_1334,PROD_045,Home & Kitchen,87.66,5.0,0.0,0,5
CUST_1312,PROD_043,Electronics,673.49,15.0,,0,2
CUST_1077,PROD_013,Electronics,481.7,5.0,0.0,0,0
CUST_1243,PROD_015,Books,29.59,11.0,8.0,3,1
CUST_1287,PROD_050,Clothing,32.4,8.0,4.0,1,1
CUST_1126,PROD_024,Beauty,39.24,6.0,4.0,1,1
CUST_1023,PROD_026,Books,35.77,17.0,1.0,0,0
CUST_1244,PROD_038,Clothing,90.16,12.0,4.0,0,0
CUST_1249,PROD_035,Sports,65.18,8.0,1.0,1,0
CUST_1388,PROD_037,Beauty,55.81,5.0,2.0,2,0
CUST_1386,PROD_049,Electronics,558.06,8.0,1.0,1,3
CUST_1388,PROD_003,Beauty,31.38,8.0,4.0,3,0
CUST_1061,PROD_043,Electronics,673.49,9.0,5.0,2,2
CUST_1268,PROD_050,,32.4,4.0,2.0,1,20
CUST_1059,PROD_017,Sports,65.93,12.0,4.0,2,3
CUST_1279,PROD_017,Sports,65.93,12.0,7.0,2,5
CUST_1114,PROD_036,Electronics,819.91,9.0,3.0,0,3
CUST_1170,PROD_030,Sports,67.63,12.0,4.0,3,0
CUST_1092,PROD_013,Electronics,481.7,5.0,3.0,1,0
CUST_1226,PROD_027,Home & Kitchen,293.7,8.0,4.0,0,2
CUST_1071,PROD_001,Books,57.63,15.0,6.0,2,2
CUST_1124,PROD_023,Clothing,59.6,2.0,0.0,0,2
CUST_1285,PROD_008,Clothing,113.86,9.0,4.0,2,5
CUST_1278,PROD_014,Clothing,26.07,7.0,2.0,2,2
CUST_1164,PROD_021,Clothing,143.36,2.0,0.0,0,0
CUST_1054,PROD_007,Home & Kitchen,35.97,6.0,3.0,1,1
CUST_1036,PROD_037,Beauty,55.81,8.0,5.0,1,1
CUST_1165,PROD_012,Beauty,60.35,12.0,2.0,0,2
CUST_1145,PROD_046,Home & Kitchen,259.15,7.0,0.0,0,1
CUST_1399,PROD_009,Sports,,6.0,4.0,2,8
CUST_1129,PROD_034,Books,40.7,14.0,7.0,1,1
CUST_1292,PROD_040,Books,38.05,26.0,14.0,3,1
CUST_1008,PROD_049,Electronics,558.06,8.0,1.0,1,3
CUST_1046,PROD_032,Clothing,120.77,10.0,0.0,0,1
CUST_1056,PROD_037,Beauty,55.81,8.0,3.0,3,5
CUST_1364,PROD_020,Beauty,62.3,2.0,0.0,0,0
CUST_1003,PROD_017,Sports,65.93,17.0,9.0,1,8
CUST_1317,PROD_041,Electronics,304.61,7.0,2.0,1,3
CUST_1316,PROD_020,Beauty,62.3,10.0,2.0,1,5
CUST_1013,PROD_037,Beauty,55.81,7.0,4.0,2,2
CUST_1170,PROD_039,Clothing,145.48,5.0,0.0,0,0
CUST_1361,PROD_024,Beauty,39.24,6.0,1.0,0,1
CUST_1356,PROD_021,Clothing,143.36,2.0,1.0,1,8
CUST_1242,PROD_014,Clothing,26.07,2.0,,0,2
CUST_1358,PROD_045,Home & Kitchen,87.66,9.0,1.0,0,0
CUST_1170,PROD_041,Electronics,304.61,9.0,0.0,0,0
CUST_1106,PROD_005,Home & Kitchen,281.19,10.0,1.0,0,1
CUST_1248,PROD_001,Books,57.63,7.0,2.0,2,20
CUST_1319,PROD_042,Beauty,22.83,8.0,3.0,2,0
CUST_1226,PROD_019,Home & Kitchen,279.38,5.0,0.0,0,2
CUST_1173,PROD_045,Home & Kitchen,87.66,17.0,4.0,1,5
CUST_1134,PROD_045,Home & Kitchen,87.66,6.0,3.0,3,1
CUST_1078,PROD_020,Beauty,62.3,4.0,2.0,0,1
CUST_1050,PROD_046,Home & Kitchen,,10.0,4.0,1,0
CUST_1297,PROD_029,Books,26.96,5.0,4.0,2,2
CUST_1170,PROD_029,Books,26.96,8.0,0.0,0,0
CUST_1286,PROD_030,Sports,67.63,6.0,5.0,3,2
CUST_1195,PROD_001,Books,,9.0,4.0,3,2
CUST_1372,PROD_023,Clothing,59.6,14.0,6.0,1,20
CUST_1191,PROD_007,Home & Kitchen,35.97,15.0,9.0,1,1
CUST_1029,PROD_017,Sports,65.93,3.0,0.0,0,0
CUST_1126,PROD_044,Books,26.09,2.0,0.0,0,1
CUST_1309,PROD_037,Beauty,55.81,6.0,4.0,2,1
CUST_1006,PROD_023,Clothing,59.6,11.0,2.0,2,2
CUST_1001,PROD_017,Sports,,14.0,6.0,1,1
CUST_1134,PROD_015,Books,29.59,2.0,0.0,0,1
CUST_1335,PROD_009,Sports,68.53,5.0,1.0,0,1
CUST_1280,PROD_043,Electronics,673.49,9.0,0.0,0,1
CUST_1012,PROD_034,Books,40.7,8.0,4.0,2,8
CUST_1036,PROD_006,Books,18.86,9.0,2.0,1,1
CUST_1294,PROD_020,Beauty,62.3,6.0,3.0,0,5
CUST_1059,PROD_017,Sports,65.93,8.0,5.0,1,3
CUST_1322,PROD_005,Home & Kitchen,281.19,3.0,0.0,0,0
CUST_1207,PROD_012,Beauty,60.35,8.0,0.0,0,5
CUST_1197,PROD_011,Books,41.36,9.0,3.0,2,1
CUST_1302,PROD_036,Electronics,819.91,,1.0,0,2
CUST_1223,PROD_016,Sports,43.57,20.0,7.0,0,0
CUST_1322,PROD_010,Books,20.8,7.0,,1,0
CUST_1111,PROD_033,Clothing,71.37,12.0,7.0,3,5
CUST_1145,PROD_027,Home & Kitchen,293.7,9.0,0.0,0,1
CUST_1103,PROD_035,Sports,65.18,11.0,7.0,3,3
CUST_1057,PROD_041,Electronics,,12.0,2.0,0,1
CUST_1352,PROD_004,Home & Kitchen,58.99,,5.0,0,0
CUST_1304,PROD_042,Beauty,22.83,11.0,3.0,0,0
CUST_1294,PROD_042,Beauty,22.83,5.0,1.0,0,5
CUST_1237,PROD_012,,60.35,11.0,2.0,0,0
CUST_1186,PROD_042,Beauty,22.83,5.0,2.0,2,3
CUST_1096,PROD_043,Electronics,673.49,6.0,3.0,3,12
CUST_1368,PROD_047,Home & Kitchen,51.47,8.0,2.0,0,8
CUST_1133,PROD_017,Sports,65.93,10.0,3.0,1,0
CUST_1158,PROD_038,Clothing,90.16,9.0,,3,8
CUST_1375,PROD_012,Beauty,60.35,15.0,6.0,3,0
CUST_1185,PROD_029,Books,26.96,11.0,3.0,0,1
CUST_1343,PROD_039,Clothing,145.48,5.0,2.0,0,1
CUST_1266,PROD_043,Electronics,673.49,5.0,3.0,2,0
CUST_1378,PROD_015,,29.59,12.0,2.0,0,0
CUST_1115,PROD_016,Sports,43.57,,0.0,0,3
CUST_1112,PROD_013,Electronics,481.7,14.0,5.0,1,2
CUST_1251,PROD_040,Books,38.05,12.0,7.0,1,2
CUST_1269,PROD_016,Sports,43.57,13.0,9.0,1,8
CUST_1182,PROD_019,,279.38,19.0,6.0,1,20
CUST_1274,PROD_045,Home & Kitchen,87.66,5.0,4.0,2,1
CUST_1396,PROD_043,Electronics,673.49,31.0,9.0,1,1
CUST_1280,PROD_013,Electronics,481.7,6.0,0.0,0,1
CUST_1051,PROD_043,Electronics,673.49,12.0,1.0,0,5
CUST_1381,PROD_042,Beauty,22.83,11.0,8.0,2,3
CUST_1275,PROD_022,Books,39.04,6.0,1.0,1,1
CUST_1156,PROD_003,Beauty,31.38,6.0,4.0,2,8
CUST_1208,PROD_022,Books,39.04,7.0,2.0,0,0
CUST_1116,PROD_027,Home & Kitchen,293.7,16.0,3.0,0,5
CUST_1148,PROD_028,Books,20.75,5.0,3.0,2,0
CUST_1167,PROD_049,Electronics,558.06,17.0,5.0,2,12
CUST_1307,PROD_008,Clothing,113.86,12.0,9.0,1,2
CUST_1230,PROD_035,Sports,65.18,24.0,10.0,1,5
CUST_1341,PROD_040,Books,38.05,2.0,1.0,0,2
CUST_1266,PROD_014,Clothing,26.07,10.0,2.0,2,0
CUST_1331,PROD_046,Home & Kitchen,259.15,5.0,1.0,1,1
CUST_1275,PROD_010,Books,20.8,5.0,3.0,1,1
CUST_1281,PROD_013,Electronics,481.7,5.0,3.0,1,2
CUST_1033,PROD_017,Sports,65.93,5.0,4.0,1,12
CUST_1177,PROD_009,Sports,68.53,,0.0,0,3
CUST_1079,PROD_022,Books,39.04,5.0,2.0,0,1
CUST_1361,PROD_045,Home & Kitchen,87.66,3.0,0.0,0,1
CUST_1319,PROD_003,Beauty,31.38,,4.0,0,0
CUST_1095,PROD_022,Books,39.04,14.0,3.0,0,1
CUST_1343,PROD_010,Books,20.8,11.0,4.0,0,1
CUST_1341,PROD_038,Clothing,90.16,6.0,0.0,0,2
CUST_1323,PROD_006,Books,18.86,8.0,1.0,0,1
CUST_1333,PROD_001,Books,57.63,12.0,6.0,1,0
CUST_1217,PROD_026,Books,35.77,20.0,9.0,1,1
CUST_1041,PROD_035,Sports,65.18,5.0,3.0,1,0
CUST_1156,PROD_016,Sports,43.57,6.0,3.0,2,8
CUST_1007,PROD_035,Sports,65.18,5.0,3.0,3,2
CUST_1109,PROD_016,Sports,43.57,7.0,1.0,0,1
CUST_1087,PROD_024,Beauty,39.24,7.0,3.0,1,2
CUST_1136,PROD_016,Sports,43.57,5.0,0.0,0,0
CUST_1035,PROD_038,Clothing,,8.0,,0,3
CUST_1349,PROD_030,Sports,67.63,16.0,10.0,1,1
CUST_1193,PROD_004,Home & Kitchen,58.99,10.0,4.0,0,0
CUST_1284,PROD_005,Home & Kitchen,281.19,21.0,1.0,0,3
CUST_1223,PROD_017,Sports,65.93,5.0,3.0,2,0
CUST_1373,PROD_005,Home & Kitchen,281.19,3.0,0.0,0,3
CUST_1350,PROD_004,Home & Kitchen,58.99,30.0,7.0,0,5
CUST_1282,PROD_007,Home & Kitchen,35.97,9.0,4.0,0,0
CUST_1398,PROD_019,Home & Kitchen,279.38,8.0,3.0,0,2
CUST_1265,PROD_021,Clothing,143.36,7.0,3.0,0,0
CUST_1186,PROD_012,Beauty,60.35,7.0,4.0,3,3
CUST_1379,PROD_024,Beauty,39.24,7.0,2.0,2,5
CUST_1314,PROD_036,Electronics,819.91,14.0,3.0,0,2
CUST_1115,PROD_037,Beauty,55.81,2.0,1.0,0,3
CUST_1191,PROD_045,Home & Kitchen,87.66,15.0,8.0,2,1
CUST_1003,PROD_002,Home & Kitchen,256.11,12.0,1.0,1,8
CUST_1102,PROD_022,Books,39.04,4.0,0.0,0,2
CUST_1213,PROD_004,Home & Kitchen,58.99,11.0,8.0,3,2
CUST_1337,PROD_005,Home & Kitchen,281.19,11.0,2.0,0,2
CUST_1067,PROD_039,Clothing,145.48,6.0,1.0,0,5
CUST_1347,PROD_024,Beauty,39.24,13.0,8.0,1,8
CUST_1075,PROD_007,Home & Kitchen,35.97,4.0,1.0,0,2
CUST_1377,PROD_030,Sports,67.63,11.0,5.0,1,1
CUST_1227,PROD_031,Books,20.87,12.0,3.0,0,1
CUST_1141,PROD_043,Electronics,673.49,10.0,6.0,2,3
CUST_1367,PROD_031,Books,20.87,5.0,1.0,1,2
CUST_1373,PROD_020,Beauty,62.3,8.0,5.0,2,3
CUST_1259,PROD_044,Books,26.09,7.0,2.0,1,5
CUST_1220,PROD_009,Sports,68.53,8.0,3.0,2,8
CUST_1129,PROD_019,Home & Kitchen,279.38,7.0,2.0,1,1
CUST_1112,PROD_041,Electronics,304.61,9.0,5.0,2,2
CUST_1027,PROD_017,Sports,65.93,6.0,0.0,0,2
CUST_1335,PROD_045,Home & Kitchen,87.66,3.0,0.0,0,1
CUST_1028,PROD_041,Electronics,304.61,17.0,6.0,3,2
CUST_1398,PROD_046,Home & Kitchen,259.15,6.0,1.0,0,2
CUST_1273,PROD_013,Electronics,481.7,11.0,4.0,3,0
CUST_1255,PROD_037,Beauty,55.81,5.0,4.0,2,2
CUST_1127,PROD_013,Electronics,481.7,9.0,1.0,0,3
CUST_1376,PROD_041,Electronics,304.61,16.0,5.0,3,2
CUST_1027,PROD_017,Sports,65.93,9.0,6.0,1,2
CUST_1333,PROD_031,Books,20.87,18.0,3.0,0,0
CUST_1229,PROD_013,Electronics,481.7,9.0,4.0,0,1
CUST_1330,PROD_023,Clothing,59.6,11.0,7.0,3,1
CUST_1087,PROD_023,Clothing,59.6,5.0,1.0,1,2
CUST_1237,PROD_020,Beauty,62.3,7.0,0.0,0,0
CUST_1201,PROD_024,Beauty,39.24,14.0,8.0,3,2
CUST_1126,PROD_037,Beauty,55.81,6.0,2.0,2,1
CUST_1058,PROD_027,Home & Kitchen,293.7,2.0,0.0,0,0
CUST_1043,PROD_016,Sports,43.57,6.0,4.0,0,1
CUST_1304,PROD_018,Books,40.44,5.0,3.0,3,0
CUST_1270,PROD_049,Electronics,558.06,3.0,0.0,0,3
CUST_1018,PROD_037,Beauty,55.81,8.0,2.0,2,8
CUST_1265,PROD_033,Clothing,71.37,10.0,4.0,0,0
CUST_1077,PROD_009,Sports,68.53,4.0,0.0,0,0
CUST_1097,PROD_024,Beauty,39.24,21.0,9.0,1,1
CUST_1218,PROD_007,Home & Kitchen,35.97,5.0,2.0,1,5
CUST_1009,PROD_033,Clothing,71.37,40.0,15.0,2,0
CUST_1152,PROD_048,Clothing,35.06,6.0,3.0,3,2
CUST_1062,PROD_043,Electronics,673.49,7.0,0.0,0,1
CUST_1068,PROD_017,Sports,65.93,15.0,10.0,2,5
CUST_1327,PROD_002,Home & Kitchen,256.11,7.0,3.0,2,3
CUST_1208,PROD_016,Sports,43.57,6.0,4.0,2,0
CUST_1306,PROD_027,Home & Kitchen,293.7,23.0,8.0,3,2
CUST_1089,PROD_049,Electronics,558.06,8.0,2.0,0,0
CUST_1383,PROD_047,Home & Kitchen,51.47,15.0,7.0,1,0
CUST_1304,PROD_031,Books,20.87,8.0,3.0,2,0
CUST_1142,PROD_012,Beauty,60.35,7.0,5.0,2,3
CUST_1042,PROD_024,Beauty,39.24,2.0,0.0,0,2
CUST_1318,PROD_017,Sports,65.93,6.0,2.0,2,0
CUST_1221,PROD_036,Electronics,819.91,5.0,0.0,0,2
CUST_1232,PROD_042,Beauty,22.83,8.0,2.0,2,1
CUST_1286,PROD_040,Books,38.05,4.0,1.0,0,2
CUST_1362,PROD_017,Sports,65.93,3.0,0.0,0,0
CUST_1181,PROD_024,Beauty,39.24,5.0,2.0,1,3
CUST_1222,PROD_029,Books,26.96,5.0,0.0,0,1
CUST_1269,PROD_049,Electronics,558.06,4.0,3.0,3,8
CUST_1247,PROD_015,Books,29.59,7.0,3.0,1,1
CUST_1111,PROD_017,Sports,65.93,5.0,3.0,0,5
CUST_1193,PROD_019,Home & Kitchen,279.38,5.0,2.0,1,0
CUST_1095,PROD_046,Home & Kitchen,259.15,2.0,0.0,0,1
CUST_1034,PROD_010,Books,20.8,9.0,6.0,2,1
CUST_1370,PROD_049,Electronics,558.06,6.0,1.0,0,1
CUST_1148,PROD_044,Books,26.09,7.0,6.0,2,0
CUST_1126,PROD_037,Beauty,55.81,7.0,2.0,1,1
CUST_1151,PROD_006,Books,18.86,5.0,3.0,1,0
CUST_1176,PROD_015,Books,29.59,7.0,4.0,2,3
CUST_1282,PROD_022,Books,39.04,2.0,0.0,0,0
CUST_1088,PROD_047,Home & Kitchen,51.47,5.0,2.0,1,3
CUST_1102,PROD_039,Clothing,145.48,7.0,2.0,0,2
CUST_1338,PROD_025,Books,33.13,12.0,6.0,1,1
CUST_1079,PROD_006,Books,,31.0,12.0,2,1
CUST_1356,PROD_015,Books,29.59,8.0,5.0,1,8
CUST_1369,PROD_048,Clothing,35.06,14.0,0.0,0,2
CUST_1300,PROD_005,Home & Kitchen,281.19,16.0,9.0,2,2
CUST_1319,PROD_028,Books,20.75,12.0,1.0,1,0
CUST_1295,PROD_021,Clothing,143.36,17.0,10.0,3,8
CUST_1159,PROD_020,Beauty,,3.0,0.0,0,2
CUST_1307,PROD_014,Clothing,26.07,9.0,5.0,1,2
CUST_1386,PROD_013,Electronics,481.7,10.0,3.0,0,3
CUST_1041,PROD_030,Sports,67.63,7.0,3.0,2,0
CUST_1345,PROD_038,Clothing,90.16,5.0,3.0,3,1
CUST_1041,PROD_036,Electronics,819.91,10.0,0.0,0,0
CUST_1031,PROD_005,Home & Kitchen,281.19,7.0,3.0,1,1
CUST_1269,PROD_030,Sports,67.63,7.0,3.0,2,8
CUST_1282,PROD_037,Beauty,55.81,7.0,3.0,0,0
CUST_1337,PROD_012,Beauty,60.35,14.0,8.0,0,2
CUST_1396,PROD_002,Home & Kitchen,256.11,4.0,0.0,0,1
CUST_1273,PROD_003,Beauty,31.38,8.0,2.0,0,0
CUST_1180,PROD_036,Electronics,819.91,6.0,2.0,0,2
CUST_1360,PROD_033,Clothing,71.37,7.0,3.0,3,2
CUST_1218,PROD_019,Home & Kitchen,279.38,15.0,5.0,2,5
CUST_1082,PROD_021,Clothing,,5.0,1.0,1,1
CUST_1049,PROD_039,Clothing,145.48,3.0,0.0,0,0
CUST_1023,PROD_016,Sports,43.57,11.0,2.0,0,0
CUST_1296,PROD_048,Clothing,35.06,8.0,5.0,3,5
CUST_1072,PROD_017,Sports,65.93,5.0,2.0,2,12
CUST_1095,PROD_030,Sports,67.63,10.0,5.0,2,1
CUST_1143,PROD_012,Beauty,60.35,7.0,6.0,3,3
CUST_1027,PROD_009,Sports,68.53,5.0,3.0,1,2
CUST_1046,PROD_009,Sports,68.53,27.0,15.0,0,1
CUST_1336,PROD_018,Books,,13.0,8.0,0,1
CUST_1145,PROD_037,Beauty,55.81,3.0,0.0,0,1
CUST_1365,PROD_004,Home & Kitchen,58.99,2.0,1.0,0,1
CUST_1107,PROD_023,Clothing,59.6,11.0,5.0,2,3
CUST_1366,PROD_036,Electronics,819.91,5.0,1.0,0,2
CUST_1203,PROD_012,Beauty,,6.0,2.0,2,3
CUST_1106,PROD_045,Home & Kitchen,87.66,16.0,11.0,1,1
CUST_1050,PROD_047,Home & Kitchen,51.47,5.0,5.0,3,0
CUST_1184,PROD_009,Sports,68.53,12.0,7.0,0,2
CUST_1044,PROD_015,Books,29.59,7.0,4.0,0,0
CUST_1082,PROD_015,Books,29.59,5.0,2.0,0,1
CUST_1046,PROD_030,Sports,67.63,7.0,2.0,1,1
CUST_1313,PROD_050,Clothing,32.4,7.0,3.0,3,8
CUST_1321,PROD_043,Electronics,673.49,7.0,3.0,3,2
CUST_1183,PROD_028,Books,20.75,6.0,4.0,2,1
CUST_1277,PROD_039,Clothing,145.48,6.0,4.0,1,1
CUST_1356,PROD_010,Books,20.8,10.0,4.0,3,8
CUST_1072,PROD_016,,43.57,8.0,4.0,1,12
CUST_1117,PROD_025,Books,33.13,6.0,4.0,2,8
CUST_1291,PROD_035,Sports,65.18,7.0,4.0,1,2
CUST_1350,PROD_028,,20.75,6.0,4.0,1,5
CUST_1147,PROD_041,Electronics,304.61,9.0,2.0,0,1
CUST_1214,PROD_015,Books,29.59,13.0,2.0,0,1
CUST_1298,PROD_038,Clothing,90.16,7.0,4.0,1,3
CUST_1055,PROD_025,Books,33.13,9.0,6.0,3,12
CUST_1361,PROD_050,Clothing,32.4,6.0,2.0,2,1
CUST_1318,PROD_017,Sports,65.93,6.0,4.0,1,0
CUST_1095,PROD_035,Sports,65.18,27.0,15.0,0,1
CUST_1201,PROD_020,Beauty,62.3,8.0,5.0,2,2
CUST_1113,PROD_027,Home & Kitchen,293.7,2.0,0.0,0,2
CUST_1211,PROD_011,Books,41.36,5.0,1.0,0,0
CUST_1202,PROD_031,Books,20.87,4.0,2.0,2,2
CUST_1023,PROD_016,Sports,43.57,5.0,2.0,1,0
CUST_1364,PROD_005,Home & Kitchen,281.19,8.0,5.0,2,0
CUST_1336,PROD_028,Books,20.75,10.0,4.0,2,1
CUST_1155,PROD_002,Home & Kitchen,256.11,8.0,0.0,0,2
CUST_1233,PROD_030,Sports,67.63,8.0,3.0,0,8
CUST_1056,PROD_040,Books,,6.0,1.0,0,5
CUST_1273,PROD_045,Home & Kitchen,87.66,,1.0,0,0
CUST_1322,PROD_025,Books,33.13,7.0,4.0,1,0
CUST_1010,PROD_012,Beauty,60.35,9.0,4.0,0,0
CUST_1381,PROD_012,Beauty,60.35,11.0,6.0,1,3
CUST_1227,PROD_035,Sports,65.18,5.0,1.0,1,1
CUST_1351,PROD_030,Sports,67.63,6.0,2.0,2,1
CUST_1319,PROD_009,Sports,68.53,3.0,1.0,0,0
CUST_1395,PROD_008,Clothing,113.86,,0.0,0,1
CUST_1109,PROD_001,Books,57.63,3.0,0.0,0,1
CUST_1053,PROD_026,Books,35.77,5.0,1.0,0,3
CUST_1131,PROD_006,Books,18.86,9.0,4.0,3,0
CUST_1365,PROD_028,Books,20.75,5.0,5.0,3,1
CUST_1194,PROD_026,Books,35.77,5.0,,1,12
CUST_1324,PROD_022,Books,39.04,8.0,3.0,3,1
CUST_1266,PROD_043,Electronics,673.49,8.0,4.0,3,0
CUST_1248,PROD_025,Books,33.13,9.0,3.0,2,20
CUST_1324,PROD_044,Books,26.09,7.0,2.0,2,1
CUST_1319,PROD_003,Beauty,31.38,13.0,3.0,0,0
CUST_1345,PROD_014,Clothing,26.07,14.0,5.0,0,1
CUST_1135,PROD_050,Clothing,32.4,20.0,9.0,1,0
CUST_1382,PROD_029,Books,26.96,7.0,1.0,0,0
CUST_1212,PROD_037,Beauty,55.81,10.0,3.0,3,0
CUST_1397,PROD_032,Clothing,120.77,,,3,2
CUST_1278,PROD_013,Electronics,481.7,,1.0,1,2
CUST_1014,PROD_049,Electronics,558.06,2.0,0.0,0,1
CUST_1117,PROD_011,Books,41.36,15.0,10.0,3,8
CUST_1033,PROD_035,Sports,65.18,8.0,2.0,1,12
CUST_1243,PROD_021,Clothing,143.36,7.0,2.0,0,1
CUST_1362,PROD_030,Sports,67.63,3.0,,0,0
CUST_1241,PROD_038,Clothing,90.16,6.0,3.0,3,12
CUST_1062,PROD_043,Electronics,673.49,15.0,4.0,1,1
CUST_1230,PROD_035,Sports,65.18,11.0,7.0,3,5
CUST_1139,PROD_019,Home & Kitchen,279.38,4.0,0.0,0,2
CUST_1203,PROD_042,Beauty,22.83,11.0,6.0,3,3
CUST_1077,PROD_043,,673.49,6.0,1.0,0,0
CUST_1134,PROD_019,Home & Kitchen,279.38,9.0,4.0,1,1
CUST_1029,PROD_033,Clothing,71.37,9.0,2.0,2,0
CUST_1068,PROD_035,Sports,65.18,8.0,5.0,1,5
CUST_1049,PROD_028,Books,20.75,15.0,1.0,0,0
CUST_1143,PROD_020,Beauty,62.3,11.0,4.0,0,3
CUST_1053,PROD_027,Home & Kitchen,293.7,5.0,3.0,3,3
CUST_1292,PROD_022,Books,39.04,5.0,1.0,0,1
CUST_1088,PROD_040,Books,38.05,6.0,3.0,3,3
CUST_1017,PROD_003,Beauty,,5.0,4.0,2,1
CUST_1175,PROD_007,Home & Kitchen,35.97,13.0,6.0,0,1
CUST_1244,PROD_004,Home & Kitchen,58.99,3.0,,0,0
CUST_1199,PROD_037,Beauty,55.81,22.0,12.0,2,5
CUST_1131,PROD_018,Books,40.44,9.0,5.0,2,0
CUST_1394,PROD_047,Home & Kitchen,51.47,2.0,0.0,0,1
CUST_1058,PROD_043,Electronics,673.49,6.0,2.0,0,0
CUST_1044,PROD_011,Books,41.36,5.0,1.0,0,0
CUST_1049,PROD_049,Electronics,558.06,7.0,2.0,1,0
CUST_1212,PROD_024,Beauty,,10.0,6.0,0,0
CUST_1303,PROD_027,Home & Kitchen,293.7,5.0,2.0,2,0
CUST_1231,PROD_022,Books,39.04,5.0,1.0,0,12
CUST_1192,PROD_049,Electronics,558.06,3.0,0.0,0,12
CUST_1305,PROD_036,Electronics,,10.0,4.0,3,8
CUST_1198,PROD_048,Clothing,35.06,2.0,1.0,0,0
CUST_1146,PROD_006,Books,18.86,6.0,3.0,0,3
CUST_1006,PROD_024,Beauty,39.24,16.0,9.0,3,2
CUST_1113,PROD_010,Books,20.8,7.0,3.0,1,2
CUST_1033,PROD_047,Home & Kitchen,51.47,4.0,1.0,1,12
CUST_1043,PROD_017,Sports,65.93,15.0,7.0,3,1
CUST_1298,PROD_014,Clothing,26.07,7.0,4.0,1,3
CUST_1324,PROD_001,Books,57.63,6.0,4.0,2,1
CUST_1205,PROD_040,Books,38.05,11.0,2.0,2,12
CUST_1116,PROD_009,Sports,68.53,5.0,3.0,3,5
CUST_1038,PROD_039,Clothing,145.48,7.0,4.0,2,2
CUST_1275,PROD_034,Books,40.7,9.0,4.0,1,1
CUST_1356,PROD_021,Clothing,143.36,6.0,0.0,0,8
CUST_1391,PROD_049,Electronics,558.06,11.0,3.0,3,8
CUST_1076,PROD_020,Beauty,62.3,12.0,6.0,0,1
CUST_1218,PROD_031,Books,20.87,2.0,1.0,0,5
CUST_1235,PROD_037,Beauty,55.81,6.0,3.0,3,3
CUST_1380,PROD_022,Books,39.04,5.0,3.0,3,1
CUST_1132,PROD_048,Clothing,35.06,11.0,5.0,0,2
CUST_1351,PROD_030,Sports,67.63,14.0,8.0,2,1
CUST_1344,PROD_001,Books,57.63,3.0,0.0,0,8
CUST_1241,PROD_006,Books,18.86,10.0,4.0,1,12
CUST_1031,PROD_003,Beauty,31.38,13.0,2.0,0,1
CUST_1150,PROD_036,Electronics,819.91,3.0,1.0,1,3
CUST_1103,PROD_016,Sports,43.57,10.0,6.0,3,3
CUST_1260,PROD_049,,558.06,10.0,1.0,0,20
CUST_1296,PROD_008,Clothing,113.86,9.0,3.0,0,5
CUST_1026,PROD_036,Electronics,819.91,5.0,1.0,1,1
CUST_1168,PROD_021,Clothing,143.36,6.0,3.0,3,0
CUST_1080,PROD_004,Home & Kitchen,58.99,9.0,5.0,2,3
CUST_1104,PROD_046,Home & Kitchen,259.15,13.0,0.0,0,0
CUST_1336,PROD_011,Books,41.36,18.0,11.0,3,1
CUST_1017,PROD_012,Beauty,60.35,7.0,3.0,0,1
CUST_1324,PROD_001,Books,57.63,7.0,2.0,2,1
CUST_1304,PROD_029,Books,26.96,6.0,2.0,2,0
CUST_1061,PROD_040,Books,38.05,15.0,3.0,0,2
CUST_1030,PROD_034,Books,40.7,17.0,9.0,3,1
CUST_1034,PROD_015,Books,29.59,7.0,2.0,1,1
CUST_1337,PROD_024,Beauty,39.24,7.0,4.0,3,2
CUST_1075,PROD_017,Sports,65.93,5.0,4.0,3,2
CUST_1287,PROD_033,Clothing,71.37,9.0,4.0,0,1
CUST_1371,PROD_038,Clothing,90.16,7.0,2.0,2,2
CUST_1334,PROD_041,Electronics,304.61,20.0,6.0,2,5
CUST_1160,PROD_012,Beauty,60.35,9.0,5.0,3,0
CUST_1394,PROD_035,Sports,65.18,9.0,3.0,0,1
CUST_1173,PROD_037,Beauty,55.81,6.0,3.0,1,5
CUST_1362,PROD_033,Clothing,71.37,5.0,2.0,1,0
CUST_1234,PROD_018,Books,40.44,12.0,5.0,1,0
CUST_1366,PROD_037,Beauty,,17.0,2.0,1,2
CUST_1013,PROD_037,Beauty,55.81,7.0,4.0,2,2
CUST_1379,PROD_028,Books,20.75,22.0,4.0,0,5
CUST_1386,PROD_043,Electronics,673.49,9.0,2.0,2,3
CUST_1355,PROD_016,Sports,43.57,11.0,4.0,2,1
CUST_1385,PROD_037,Beauty,55.81,17.0,7.0,2,0
CUST_1386,PROD_036,Electronics,,8.0,2.0,0,3
CUST_1055,PROD_044,Books,26.09,7.0,6.0,2,12
CUST_1075,PROD_017,Sports,65.93,5.0,2.0,2,2
CUST_1055,PROD_025,,33.13,8.0,5.0,1,12
CUST_1375,PROD_042,Beauty,22.83,13.0,3.0,1,0
CUST_1035,PROD_040,Books,38.05,25.0,5.0,0,3
CUST_1060,PROD_031,Books,20.87,15.0,8.0,2,0
CUST_1317,PROD_041,Electronics,304.61,13.0,4.0,1,3
CUST_1078,PROD_035,Sports,65.18,6.0,4.0,3,1
CUST_1336,PROD_040,Books,38.05,19.0,13.0,0,1
CUST_1355,PROD_022,Books,39.04,9.0,0.0,0,1
CUST_1010,PROD_042,,22.83,18.0,6.0,3,0
CUST_1072,PROD_030,Sports,67.63,6.0,4.0,1,12
CUST_1248,PROD_028,Books,20.75,5.0,2.0,2,20
CUST_1275,PROD_001,,57.63,7.0,3.0,1,1
CUST_1329,PROD_044,Books,26.09,8.0,4.0,1,0
CUST_1142,PROD_003,Beauty,31.38,7.0,6.0,2,3
CUST_1196,PROD_036,Electronics,819.91,7.0,0.0,0,0
CUST_1023,PROD_046,Home & Kitchen,259.15,3.0,1.0,1,0
CUST_1205,PROD_032,Clothing,120.77,15.0,12.0,2,12
CUST_1182,PROD_029,Books,26.96,11.0,3.0,0,20
CUST_1382,PROD_013,Electronics,481.7,7.0,1.0,0,0
CUST_1178,PROD_037,Beauty,55.81,10.0,2.0,0,0
CUST_1400,PROD_005,Home & Kitchen,281.19,14.0,5.0,3,1
CUST_1215,PROD_028,Books,20.75,5.0,1.0,0,1
CUST_1031,PROD_005,Home & Kitchen,281.19,10.0,3.0,0,1
CUST_1387,PROD_041,Electronics,,3.0,0.0,0,0
CUST_1192,PROD_016,Sports,43.57,3.0,1.0,1,12
CUST_1272,PROD_041,Electronics,304.61,,4.0,2,1
CUST_1301,PROD_045,Home & Kitchen,87.66,6.0,4.0,2,0
CUST_1357,PROD_032,Clothing,120.77,3.0,0.0,0,12
CUST_1007,PROD_013,Electronics,481.7,,5.0,0,2
CUST_1081,PROD_041,Electronics,304.61,7.0,3.0,3,2
CUST_1043,PROD_016,Sports,43.57,5.0,2.0,2,1
CUST_1315,PROD_042,Beauty,22.83,19.0,8.0,2,1
CUST_1363,PROD_050,Clothing,32.4,10.0,5.0,1,1
CUST_1119,PROD_017,,65.93,6.0,3.0,0,1
CUST_1211,PROD_039,Clothing,145.48,23.0,11.0,3,0
CUST_1228,PROD_044,Books,26.09,12.0,5.0,1,1
CUST_1259,PROD_010,Books,20.8,3.0,1.0,0,5
CUST_1163,PROD_026,Books,35.77,19.0,5.0,3,1
CUST_1053,PROD_007,Home & Kitchen,35.97,9.0,4.0,0,3
CUST_1104,PROD_050,Clothing,32.4,,1.0,1,0
CUST_1153,PROD_002,Home & Kitchen,256.11,2.0,0.0,0,0
CUST_1147,PROD_028,Books,20.75,11.0,4.0,0,1
CUST_1303,PROD_048,Clothing,35.06,11.0,0.0,0,0
CUST_1020,PROD_022,Books,39.04,5.0,4.0,3,8
CUST_1160,PROD_018,Books,40.44,11.0,0.0,0,0
CUST_1365,PROD_006,Books,18.86,13.0,7.0,1,1
CUST_1319,PROD_020,Beauty,62.3,11.0,4.0,3,0
CUST_1316,PROD_048,Clothing,35.06,8.0,3.0,2,5
CUST_1192,PROD_022,Books,39.04,7.0,4.0,3,12
CUST_1368,PROD_007,Home & Kitchen,35.97,25.0,16.0,3,8
CUST_1031,PROD_046,Home & Kitchen,259.15,14.0,3.0,2,1
CUST_1380,PROD_024,Beauty,39.24,9.0,2.0,2,1
CUST_1064,PROD_024,Beauty,39.24,8.0,3.0,0,8
CUST_1018,PROD_042,Beauty,22.83,12.0,9.0,2,8
CUST_1208,PROD_016,Sports,43.57,5.0,2.0,0,0
CUST_1352,PROD_041,Electronics,304.61,9.0,1.0,1,0
CUST_1039,PROD_014,Clothing,26.07,,1.0,1,0
CUST_1100,PROD_020,Beauty,62.3,7.0,4.0,2,1
CUST_1048,PROD_009,Sports,68.53,7.0,5.0,3,2
CUST_1372,PROD_048,,35.06,5.0,1.0,1,20
CUST_1324,PROD_010,Books,20.8,6.0,3.0,1,1
CUST_1271,PROD_050,Clothing,32.4,6.0,2.0,1,5
CUST_1362,PROD_040,Books,38.05,10.0,8.0,3,0
CUST_1028,PROD_020,Beauty,62.3,3.0,1.0,1,2
CUST_1129,PROD_029,Books,26.96,5.0,3.0,2,1
CUST_1323,PROD_030,Sports,67.63,12.0,6.0,2,1
CUST_1300,PROD_043,,673.49,4.0,1.0,0,2
CUST_1320,PROD_025,Books,33.13,9.0,7.0,1,5
CUST_1045,PROD_042,Beauty,22.83,8.0,1.0,0,1
CUST_1033,PROD_035,Sports,65.18,6.0,3.0,0,12
CUST_1287,PROD_032,Clothing,120.77,5.0,3.0,3,1
CUST_1208,PROD_021,Clothing,143.36,2.0,0.0,1,0
CUST_1062,PROD_036,Electronics,819.91,11.0,1.0,0,1
CUST_1337,PROD_042,,22.83,7.0,5.0,1,2
CUST_1169,PROD_049,Electronics,558.06,4.0,1.0,0,0
CUST_1368,PROD_042,Beauty,22.83,3.0,0.0,0,8
CUST_1229,PROD_012,Beauty,,3.0,1.0,0,1
CUST_1195,PROD_010,Books,20.8,6.0,4.0,2,2
CUST_1287,PROD_041,Electronics,304.61,7.0,0.0,0,1
CUST_1222,PROD_026,Books,35.77,2.0,0.0,0,1
CUST_1307,PROD_050,Clothing,32.4,5.0,,1,2
CUST_1374,PROD_043,Electronics,,3.0,1.0,0,1
CUST_1272,PROD_041,Electronics,304.61,5.0,3.0,1,1
CUST_1127,PROD_001,Books,57.63,7.0,2.0,2,3
CUST_1214,PROD_012,Beauty,60.35,8.0,5.0,1,1
CUST_1266,PROD_041,Electronics,304.61,5.0,1.0,0,0
CUST_1006,PROD_020,Beauty,62.3,16.0,7.0,2,2
CUST_1314,PROD_036,Electronics,819.91,7.0,2.0,0,2
CUST_1320,PROD_006,Books,18.86,6.0,3.0,3,5
CUST_1204,PROD_037,Beauty,55.81,12.0,6.0,0,1
CUST_1234,PROD_018,Books,,14.0,,1,0
CUST_1371,PROD_014,Clothing,26.07,18.0,8.0,3,2
CUST_1352,PROD_013,Electronics,481.7,40.0,12.0,0,0
CUST_1190,PROD_002,Home & Kitchen,256.11,11.0,1.0,0,1
CUST_1108,PROD_037,Beauty,55.81,11.0,6.0,2,0
CUST_1004,PROD_022,Books,39.04,11.0,5.0,2,1
CUST_1318,PROD_035,Sports,65.18,9.0,4.0,0,0
CUST_1126,PROD_020,Beauty,62.3,9.0,5.0,1,1
CUST_1247,PROD_015,Books,29.59,6.0,1.0,1,1
CUST_1265,PROD_050,Clothing,32.4,,3.0,2,0
CUST_1137,PROD_041,Electronics,304.61,9.0,4.0,3,3
CUST_1095,PROD_035,Sports,65.18,27.0,11.0,1,1
CUST_1076,PROD_037,Beauty,55.81,7.0,1.0,1,1
CUST_1257,PROD_016,Sports,43.57,9.0,5.0,2,5
CUST_1194,PROD_035,Sports,65.18,,2.0,1,12
CUST_1270,PROD_020,Beauty,62.3,9.0,3.0,1,3
CUST_1387,PROD_018,Books,40.44,,1.0,1,0
CUST_1334,PROD_049,Electronics,558.06,,3.0,0,5
CUST_1084,PROD_030,Sports,67.63,6.0,4.0,3,12
CUST_1051,PROD_019,Home & Kitchen,279.38,7.0,1.0,0,5
CUST_1138,PROD_032,Clothing,120.77,4.0,0.0,0,0
CUST_1146,PROD_002,Home & Kitchen,256.11,10.0,2.0,2,3
CUST_1218,PROD_007,Home & Kitchen,35.97,9.0,3.0,3,5
CUST_1042,PROD_034,Books,40.7,14.0,9.0,1,2
CUST_1032,PROD_041,Electronics,304.61,8.0,5.0,3,1
CUST_1378,PROD_025,Books,33.13,5.0,2.0,1,0
CUST_1155,PROD_023,Clothing,59.6,5.0,3.0,0,2
CUST_1054,PROD_005,Home & Kitchen,281.19,13.0,3.0,2,1
CUST_1029,PROD_015,Books,29.59,5.0,0.0,0,0
CUST_1387,PROD_034,Books,40.7,,1.0,1,0
CUST_1163,PROD_010,Books,20.8,12.0,6.0,0,1
CUST_1222,PROD_024,Beauty,39.24,11.0,7.0,2,1
CUST_1386,PROD_013,Electronics,481.7,5.0,0.0,0,3
CUST_1130,PROD_005,Home & Kitchen,281.19,6.0,2.0,0,3
CUST_1112,PROD_013,Electronics,481.7,6.0,1.0,0,2
CUST_1051,PROD_025,Books,33.13,3.0,1.0,1,5
CUST_1010,PROD_012,Beauty,60.35,7.0,3.0,1,0
CUST_1209,PROD_012,,60.35,10.0,2.0,0,1
CUST_1341,PROD_041,Electronics,304.61,3.0,0.0,0,2
CUST_1373,PROD_024,Beauty,39.24,16.0,6.0,2,3
CUST_1200,PROD_036,Electronics,819.91,6.0,0.0,0,0
CUST_1336,PROD_020,Beauty,62.3,3.0,0.0,0,1
CUST_1337,PROD_007,Home & Kitchen,35.97,8.0,2.0,2,2
CUST_1258,PROD_003,Beauty,31.38,20.0,10.0,3,0
CUST_1305,PROD_003,Beauty,,13.0,4.0,0,8
CUST_1267,PROD_019,Home & Kitchen,279.38,4.0,0.0,0,3
CUST_1382,PROD_043,Electronics,673.49,24.0,7.0,0,0
CUST_1020,PROD_015,Books,29.59,,11.0,1,8
CUST_1011,PROD_043,Electronics,673.49,15.0,4.0,0,1
CUST_1132,PROD_033,,71.37,8.0,4.0,2,2
CUST_1274,PROD_004,Home & Kitchen,58.99,9.0,2.0,0,1
CUST_1173,PROD_038,Clothing,90.16,7.0,2.0,0,5
CUST_1071,PROD_031,Books,20.87,12.0,7.0,3,2
CUST_1355,PROD_009,Sports,68.53,,,3,1
CUST_1225,PROD_041,Electronics,304.61,9.0,3.0,0,3
CUST_1233,PROD_017,Sports,65.93,5.0,3.0,1,8
CUST_1238,PROD_036,Electronics,819.91,11.0,2.0,1,3
CUST_1182,PROD_027,Home & Kitchen,293.7,9.0,2.0,0,20
CUST_1397,PROD_016,Sports,43.57,4.0,2.0,1,2
CUST_1314,PROD_013,Electronics,481.7,12.0,2.0,0,2
CUST_1269,PROD_011,Books,41.36,2.0,1.0,1,8
CUST_1041,PROD_030,Sports,67.63,6.0,2.0,0,0
CUST_1108,PROD_043,Electronics,673.49,7.0,2.0,0,0
CUST_1184,PROD_030,Sports,67.63,5.0,2.0,1,2
CUST_1143,PROD_012,Beauty,60.35,11.0,,3,3
CUST_1089,PROD_041,Electronics,304.61,8.0,4.0,2,0
CUST_1240,PROD_013,Electronics,481.7,12.0,4.0,0,8
CUST_1057,PROD_048,Clothing,35.06,3.0,0.0,0,1
CUST_1242,PROD_028,Books,20.75,4.0,0.0,0,2
CUST_1258,PROD_024,Beauty,39.24,13.0,4.0,1,0
CUST_1149,PROD_017,Sports,65.93,3.0,0.0,0,1
CUST_1069,PROD_031,Books,20.87,10.0,4.0,2,0
CUST_1227,PROD_017,Sports,65.93,11.0,4.0,1,1
CUST_1078,PROD_014,Clothing,26.07,7.0,2.0,2,1
CUST_1072,PROD_030,Sports,67.63,8.0,4.0,2,12
CUST_1074,PROD_041,Electronics,,7.0,1.0,1,2
CUST_1027,PROD_016,Sports,43.57,6.0,4.0,1,2
CUST_1333,PROD_011,Books,41.36,14.0,5.0,1,0
CUST_1331,PROD_007,Home & Kitchen,35.97,13.0,7.0,2,1
CUST_1023,PROD_035,Sports,65.18,16.0,4.0,1,0
CUST_1036,PROD_042,Beauty,22.83,5.0,2.0,1,1
CUST_1301,PROD_004,Home & Kitchen,58.99,9.0,5.0,3,0
CUST_1160,PROD_024,,39.24,6.0,3.0,3,0
CUST_1051,PROD_010,Books,20.8,13.0,4.0,0,5
CUST_1360,PROD_023,Clothing,59.6,16.0,8.0,1,2
CUST_1370,PROD_015,Books,,2.0,0.0,0,1
CUST_1008,PROD_001,Books,57.63,8.0,1.0,0,3
CUST_1086,PROD_025,Books,33.13,5.0,3.0,1,1
CUST_1239,PROD_030,Sports,67.63,11.0,5.0,3,1
CUST_1220,PROD_023,,59.6,5.0,4.0,2,8
CUST_1222,PROD_024,Beauty,39.24,10.0,2.0,0,1
CUST_1243,PROD_021,Clothing,143.36,7.0,2.0,0,1
CUST_1339,PROD_043,Electronics,673.49,11.0,3.0,0,2
CUST_1117,PROD_010,Books,20.8,,4.0,3,8
CUST_1069,PROD_038,Clothing,90.16,5.0,0.0,0,0
CUST_1267,PROD_019,Home & Kitchen,279.38,2.0,1.0,1,3
CUST_1117,PROD_025,Books,33.13,10.0,6.0,1,8
CUST_1039,PROD_006,Books,18.86,3.0,0.0,0,0
CUST_1010,PROD_036,Electronics,819.91,10.0,2.0,2,0
CUST_1139,PROD_041,Electronics,304.61,5.0,2.0,2,2
CUST_1120,PROD_023,Clothing,59.6,7.0,3.0,1,2
CUST_1148,PROD_031,Books,20.87,6.0,2.0,0,0
CUST_1261,PROD_041,Electronics,304.61,18.0,5.0,2,1
CUST_1261,PROD_022,Books,39.04,24.0,1.0,0,1
CUST_1268,PROD_012,Beauty,60.35,7.0,3.0,1,20
CUST_1152,PROD_015,Books,,5.0,1.0,1,2
CUST_1099,PROD_001,Books,57.63,5.0,3.0,2,5
CUST_1138,PROD_013,Electronics,481.7,16.0,4.0,2,0
CUST_1075,PROD_016,Sports,43.57,9.0,4.0,2,2
CUST_1096,PROD_041,Electronics,304.61,5.0,4.0,3,12
CUST_1348,PROD_020,Beauty,,16.0,5.0,2,0
CUST_1125,PROD_001,Books,57.63,8.0,2.0,1,2
CUST_1397,PROD_032,Clothing,120.77,6.0,3.0,2,2
CUST_1210,PROD_006,Books,18.86,7.0,2.0,2,5
CUST_1350,PROD_026,Books,35.77,15.0,12.0,3,5
CUST_1179,PROD_024,Beauty,39.24,8.0,0.0,0,5
CUST_1288,PROD_033,Clothing,71.37,5.0,2.0,1,3
CUST_1044,PROD_040,Books,38.05,5.0,4.0,1,0
CUST_1139,PROD_041,Electronics,304.61,5.0,0.0,0,2
CUST_1145,PROD_047,Home & Kitchen,51.47,9.0,1.0,0,1
CUST_1073,PROD_041,Electronics,304.61,5.0,3.0,2,0
CUST_1356,PROD_040,Books,38.05,14.0,9.0,1,8
CUST_1236,PROD_050,Clothing,32.4,2.0,0.0,0,2
CUST_1057,PROD_047,Home & Kitchen,51.47,34.0,22.0,3,1
CUST_1322,PROD_025,Books,33.13,7.0,4.0,1,0
CUST_1011,PROD_036,Electronics,819.91,12.0,2.0,0,1
CUST_1275,PROD_015,Books,29.59,13.0,7.0,1,1
CUST_1386,PROD_013,Electronics,481.7,,0.0,0,3
CUST_1335,PROD_030,Sports,67.63,16.0,5.0,1,1
CUST_1072,PROD_017,Sports,65.93,5.0,4.0,2,12
CUST_1132,PROD_014,Clothing,26.07,11.0,4.0,0,2
CUST_1116,PROD_041,Electronics,304.61,2.0,0.0,0,5
CUST_1242,PROD_042,Beauty,22.83,5.0,1.0,0,2
CUST_1334,PROD_049,Electronics,558.06,11.0,7.0,3,5
CUST_1359,PROD_009,Sports,68.53,5.0,1.0,0,5
CUST_1394,PROD_024,Beauty,39.24,6.0,2.0,1,1
CUST_1300,PROD_030,Sports,67.63,4.0,1.0,1,2
CUST_1254,PROD_005,Home & Kitchen,281.19,3.0,0.0,0,1
CUST_1145,PROD_007,Home & Kitchen,35.97,7.0,4.0,2,1
CUST_1142,PROD_024,Beauty,39.24,6.0,3.0,2,3
CUST_1043,PROD_009,Sports,68.53,9.0,5.0,0,1
CUST_1276,PROD_002,Home & Kitchen,256.11,8.0,1.0,0,3
CUST_1058,PROD_013,Electronics,,6.0,0.0,0,0
CUST_1111,PROD_038,Clothing,90.16,10.0,6.0,3,5
CUST_1205,PROD_032,Clothing,120.77,12.0,7.0,2,12
CUST_1039,PROD_017,Sports,65.93,8.0,3.0,0,0
CUST_1188,PROD_028,Books,20.75,4.0,1.0,0,2
CUST_1250,PROD_043,Electronics,673.49,15.0,4.0,0,1
CUST_1065,PROD_013,Electronics,481.7,10.0,3.0,3,1
CUST_1378,PROD_001,Books,57.63,3.0,1.0,0,0
CUST_1245,PROD_026,Books,35.77,3.0,0.0,0,1
CUST_1328,PROD_029,Books,26.96,6.0,1.0,0,3
CUST_1190,PROD_035,Sports,65.18,15.0,4.0,3,1
CUST_1271,PROD_023,Clothing,59.6,7.0,3.0,2,5
CUST_1055,PROD_029,,26.96,9.0,4.0,2,12
CUST_1381,PROD_024,Beauty,39.24,7.0,3.0,2,3
CUST_1107,PROD_021,Clothing,143.36,8.0,,1,3
CUST_1001,PROD_017,Sports,65.93,7.0,5.0,1,1
CUST_1214,PROD_012,Beauty,60.35,13.0,8.0,0,1
CUST_1373,PROD_024,Beauty,39.24,7.0,5.0,2,3
CUST_1085,PROD_047,Home & Kitchen,51.47,5.0,3.0,3,8
CUST_1212,PROD_024,Beauty,39.24,10.0,6.0,0,0
CUST_1126,PROD_041,Electronics,304.61,12.0,3.0,3,1
CUST_1284,PROD_042,Beauty,22.83,5.0,2.0,2,3
CUST_1207,PROD_040,Books,38.05,5.0,3.0,0,5
CUST_1315,PROD_016,Sports,43.57,5.0,1.0,1,1
CUST_1366,PROD_013,Electronics,481.7,5.0,0.0,0,2
CUST_1198,PROD_019,Home & Kitchen,279.38,10.0,3.0,0,0
CUST_1339,PROD_013,Electronics,481.7,5.0,2.0,0,2
CUST_1149,PROD_013,Electronics,481.7,5.0,0.0,0,1
CUST_1396,PROD_020,Beauty,,11.0,0.0,0,1
CUST_1329,PROD_012,Beauty,60.35,3.0,1.0,1,0
CUST_1378,PROD_024,Beauty,39.24,6.0,1.0,1,0
CUST_1129,PROD_001,Books,57.63,5.0,3.0,1,1
CUST_1170,PROD_038,,90.16,14.0,5.0,1,0
CUST_1334,PROD_045,Home & Kitchen,87.66,5.0,0.0,0,5
CUST_1273,PROD_018,Books,40.44,6.0,1.0,0,0
CUST_1081,PROD_049,Electronics,558.06,8.0,3.0,0,2
CUST_1144,PROD_037,Beauty,55.81,5.0,,1,2
CUST_1051,PROD_037,Beauty,55.81,9.0,2.0,1,5
CUST_1350,PROD_031,Books,20.87,6.0,4.0,1,5
CUST_1065,PROD_013,Electronics,481.7,11.0,4.0,1,1
CUST_1270,PROD_020,Beauty,62.3,9.0,3.0,1,3
CUST_1155,PROD_036,Electronics,819.91,3.0,0.0,0,2
CUST_1003,PROD_017,Sports,65.93,18.0,15.0,1,8
CUST_1027,PROD_008,Clothing,113.86,12.0,2.0,0,2
CUST_1051,PROD_024,Beauty,39.24,6.0,3.0,2,5
CUST_1153,PROD_011,Books,41.36,8.0,3.0,2,0
CUST_1162,PROD_030,Sports,67.63,2.0,1.0,1,5
CUST_1305,PROD_036,Electronics,819.91,17.0,8.0,1,8
CUST_1226,PROD_045,Home & Kitchen,87.66,18.0,11.0,2,2
CUST_1013,PROD_012,Beauty,60.35,,11.0,1,2
CUST_1385,PROD_003,Beauty,31.38,10.0,7.0,0,0
CUST_1086,PROD_005,Home & Kitchen,281.19,12.0,3.0,0,1
CUST_1156,PROD_024,Beauty,39.24,7.0,2.0,0,8
CUST_1326,PROD_016,Sports,43.57,6.0,2.0,2,0
CUST_1323,PROD_009,Sports,68.53,5.0,2.0,0,1
CUST_1235,PROD_007,Home & Kitchen,35.97,8.0,3.0,3,3
CUST_1220,PROD_029,Books,26.96,7.0,1.0,0,8
CUST_1380,PROD_038,Clothing,90.16,2.0,0.0,0,1
CUST_1365,PROD_018,Books,40.44,13.0,4.0,3,1
CUST_1110,PROD_024,Beauty,39.24,10.0,4.0,0,1
CUST_1250,PROD_013,Electronics,481.7,9.0,5.0,2,1
CUST_1173,PROD_012,Beauty,60.35,6.0,1.0,0,5
CUST_1239,PROD_035,Sports,65.18,7.0,3.0,1,1
CUST_1371,PROD_008,Clothing,113.86,9.0,5.0,2,2
CUST_1298,PROD_050,Clothing,32.4,8.0,4.0,1,3
CUST_1196,PROD_006,Books,18.86,4.0,1.0,0,0
CUST_1082,PROD_033,Clothing,71.37,7.0,3.0,3,1
CUST_1097,PROD_037,Beauty,55.81,7.0,2.0,1,1
CUST_1183,PROD_034,Books,40.7,7.0,5.0,2,1
CUST_1121,PROD_012,Beauty,60.35,7.0,3.0,1,5
CUST_1290,PROD_038,Clothing,90.16,10.0,5.0,3,1
CUST_1078,PROD_009,Sports,68.53,5.0,2.0,1,1
CUST_1145,PROD_046,Home & Kitchen,259.15,5.0,1.0,1,1
CUST_1114,PROD_049,Electronics,558.06,7.0,3.0,1,3
CUST_1251,PROD_040,Books,38.05,8.0,2.0,0,2
CUST_1045,PROD_047,Home & Kitchen,51.47,5.0,3.0,1,1
CUST_1231,PROD_010,Books,20.8,3.0,1.0,0,12
CUST_1020,PROD_028,Books,20.75,6.0,5.0,2,8
CUST_1128,PROD_044,Books,26.09,6.0,4.0,2,5
CUST_1222,PROD_010,Books,20.8,2.0,0.0,0,1
CUST_1002,PROD_045,Home & Kitchen,87.66,10.0,2.0,0,2
CUST_1065,PROD_036,Electronics,819.91,6.0,4.0,1,1
CUST_1247,PROD_015,Books,29.59,10.0,5.0,0,1
CUST_1307,PROD_048,Clothing,35.06,9.0,5.0,2,2
CUST_1015,PROD_019,Home & Kitchen,279.38,6.0,3.0,0,3
CUST_1042,PROD_018,Books,40.44,15.0,9.0,2,2
CUST_1025,PROD_012,Beauty,60.35,3.0,3.0,3,5
CUST_1348,PROD_010,Books,20.8,2.0,1.0,0,0
CUST_1375,PROD_022,Books,39.04,3.0,2.0,1,0
CUST_1019,PROD_014,Clothing,26.07,8.0,1.0,0,0
CUST_1163,PROD_025,Books,33.13,12.0,7.0,0,1
CUST_1170,PROD_041,Electronics,304.61,2.0,1.0,1,0
CUST_1306,PROD_015,Books,29.59,3.0,1.0,0,2
CUST_1143,PROD_010,Books,20.8,5.0,0.0,0,3
CUST_1273,PROD_032,,120.77,2.0,0.0,0,0
CUST_1179,PROD_013,Electronics,481.7,11.0,3.0,0,5
CUST_1325,PROD_048,Clothing,35.06,,,2,3
CUST_1297,PROD_040,Books,38.05,12.0,4.0,0,2
CUST_1153,PROD_027,Home & Kitchen,293.7,2.0,0.0,0,0
CUST_1321,PROD_024,Beauty,39.24,8.0,1.0,0,2
CUST_1297,PROD_025,Books,33.13,9.0,3.0,2,2
CUST_1294,PROD_043,Electronics,,4.0,1.0,0,5
CUST_1247,PROD_018,Books,40.44,5.0,4.0,1,1
CUST_1391,PROD_013,Electronics,481.7,15.0,,3,8
CUST_1263,PROD_030,Sports,67.63,6.0,3.0,2,5
CUST_1166,PROD_047,Home & Kitchen,51.47,13.0,3.0,0,3
CUST_1158,PROD_031,Books,20.87,2.0,1.0,1,8
CUST_1218,PROD_031,Books,20.87,2.0,1.0,0,5
CUST_1359,PROD_002,Home & Kitchen,256.11,22.0,7.0,0,5
CUST_1284,PROD_042,Beauty,22.83,14.0,5.0,2,3
CUST_1018,PROD_043,Electronics,673.49,3.0,,0,8
CUST_1063,PROD_016,Sports,43.57,12.0,10.0,3,8
CUST_1327,PROD_041,Electronics,304.61,3.0,0.0,0,3
CUST_1122,PROD_038,Clothing,90.16,11.0,6.0,0,0
CUST_1117,PROD_025,Books,33.13,18.0,12.0,2,8
CUST_1169,PROD_012,Beauty,60.35,9.0,2.0,1,0
CUST_1189,PROD_022,Books,39.04,11.0,7.0,3,5
CUST_1271,PROD_038,Clothing,90.16,5.0,,2,5
CUST_1263,PROD_009,Sports,68.53,5.0,1.0,1,5
CUST_1027,PROD_009,,68.53,8.0,5.0,2,2
CUST_1022,PROD_010,Books,20.8,5.0,1.0,1,1
CUST_1300,PROD_004,,58.99,5.0,2.0,2,2
CUST_1011,PROD_013,Electronics,481.7,14.0,8.0,3,1
CUST_1243,PROD_026,Books,35.77,,1.0,1,1
CUST_1226,PROD_004,Home & Kitchen,58.99,10.0,5.0,1,2
CUST_1325,PROD_047,Home & Kitchen,51.47,5.0,2.0,2,3
CUST_1022,PROD_044,Books,26.09,9.0,4.0,0,1
CUST_1346,PROD_004,Home & Kitchen,58.99,29.0,18.0,2,20
CUST_1021,PROD_047,Home & Kitchen,51.47,6.0,3.0,3,1
CUST_1031,PROD_005,Home & Kitchen,281.19,6.0,2.0,2,1
CUST_1227,PROD_030,Sports,67.63,9.0,4.0,2,1
CUST_1015,PROD_027,Home & Kitchen,293.7,8.0,,3,3
CUST_1395,PROD_043,Electronics,673.49,7.0,3.0,0,1
CUST_1114,PROD_041,Electronics,304.61,5.0,1.0,0,3
CUST_1109,PROD_016,Sports,43.57,8.0,4.0,1,1
CUST_1037,PROD_013,Electronics,481.7,12.0,3.0,3,1
CUST_1120,PROD_016,Sports,43.57,9.0,2.0,0,2
CUST_1350,PROD_011,Books,41.36,10.0,7.0,0,5
CUST_1256,PROD_032,Clothing,120.77,10.0,6.0,2,0
CUST_1395,PROD_036,Electronics,819.91,6.0,3.0,1,1
CUST_1117,PROD_048,Clothing,35.06,4.0,1.0,1,8
CUST_1084,PROD_016,Sports,43.57,15.0,10.0,2,12
CUST_1137,PROD_036,Electronics,819.91,6.0,2.0,1,3
CUST_1024,PROD_041,Electronics,304.61,6.0,3.0,1,3
CUST_1182,PROD_029,Books,26.96,11.0,3.0,0,20
CUST_1206,PROD_013,Electronics,,5.0,3.0,0,5
CUST_1119,PROD_017,Sports,65.93,27.0,13.0,0,1
CUST_1139,PROD_035,Sports,65.18,17.0,6.0,2,2
CUST_1288,PROD_023,Clothing,59.6,9.0,8.0,3,3
CUST_1186,PROD_037,Beauty,55.81,5.0,3.0,1,3
CUST_1034,PROD_028,Books,20.75,19.0,10.0,1,1
CUST_1028,PROD_020,Beauty,62.3,3.0,1.0,1,2
CUST_1066,PROD_023,Clothing,59.6,3.0,1.0,0,3
CUST_1181,PROD_024,Beauty,39.24,5.0,3.0,2,3
CUST_1301,PROD_027,Home & Kitchen,293.7,9.0,4.0,1,0
CUST_1064,PROD_020,Beauty,62.3,6.0,3.0,3,8
CUST_1284,PROD_042,Beauty,22.83,9.0,5.0,2,3
CUST_1016,PROD_014,Clothing,26.07,2.0,,0,8
CUST_1325,PROD_033,Clothing,71.37,8.0,4.0,1,3
CUST_1174,PROD_033,Clothing,71.37,9.0,4.0,2,1
CUST_1032,PROD_025,Books,33.13,2.0,0.0,0,1
CUST_1020,PROD_011,Books,41.36,12.0,6.0,3,8
CUST_1182,PROD_047,Home & Kitchen,51.47,8.0,6.0,2,20
CUST_1349,PROD_030,Sports,67.63,13.0,6.0,2,1
CUST_1329,PROD_030,Sports,67.63,7.0,1.0,0,0
CUST_1301,PROD_046,Home & Kitchen,259.15,7.0,0.0,0,0
CUST_1093,PROD_024,Beauty,39.24,4.0,0.0,0,12
CUST_1209,PROD_001,Books,57.63,4.0,1.0,1,1
CUST_1278,PROD_008,Clothing,113.86,8.0,3.0,1,2
CUST_1281,PROD_047,Home & Kitchen,51.47,16.0,3.0,0,2
CUST_1134,PROD_004,Home & Kitchen,58.99,7.0,3.0,3,1
CUST_1170,PROD_018,Books,40.44,2.0,2.0,2,0
CUST_1208,PROD_017,Sports,65.93,6.0,3.0,2,0
CUST_1258,PROD_042,Beauty,22.83,13.0,,0,0
CUST_1163,PROD_009,Sports,68.53,2.0,0.0,0,1
CUST_1037,PROD_029,Books,26.96,4.0,,0,1
CUST_1327,PROD_004,Home & Kitchen,58.99,5.0,3.0,3,3
CUST_1326,PROD_016,Sports,43.57,7.0,4.0,2,0
CUST_1207,PROD_029,,26.96,8.0,5.0,3,5
CUST_1354,PROD_024,Beauty,39.24,5.0,3.0,3,20
CUST_1385,PROD_037,Beauty,55.81,10.0,7.0,2,0
CUST_1354,PROD_010,Books,20.8,7.0,1.0,0,20
CUST_1042,PROD_015,Books,29.59,6.0,3.0,1,2
CUST_1141,PROD_001,Books,57.63,15.0,4.0,0,3
CUST_1061,PROD_045,Home & Kitchen,87.66,5.0,1.0,0,2
CUST_1237,PROD_049,Electronics,558.06,,1.0,0,0
CUST_1245,PROD_017,Sports,65.93,6.0,0.0,0,1
CUST_1128,PROD_018,Books,40.44,9.0,5.0,3,5
CUST_1059,PROD_009,Sports,68.53,7.0,3.0,3,3
CUST_1390,PROD_044,Books,26.09,9.0,2.0,0,8
CUST_1042,PROD_034,Books,40.7,9.0,3.0,0,2
CUST_1347,PROD_050,Clothing,32.4,9.0,5.0,2,8
CUST_1292,PROD_026,Books,35.77,6.0,3.0,1,1
CUST_1138,PROD_026,Books,35.77,5.0,0.0,0,0
CUST_1179,PROD_036,Electronics,819.91,6.0,4.0,0,5
CUST_1006,PROD_024,Beauty,39.24,5.0,3.0,1,2
CUST_1387,PROD_028,Books,20.75,16.0,8.0,2,0
CUST_1261,PROD_013,Electronics,481.7,10.0,4.0,0,1
CUST_1058,PROD_019,Home & Kitchen,279.38,3.0,0.0,0,0
CUST_1220,PROD_012,Beauty,60.35,2.0,1.0,1,8
CUST_1019,PROD_039,Clothing,,2.0,0.0,0,0
CUST_1104,PROD_017,Sports,65.93,9.0,6.0,0,0
CUST_1321,PROD_013,Electronics,481.7,9.0,1.0,0,2
CUST_1006,PROD_005,Home & Kitchen,281.19,5.0,0.0,0,2
CUST_1119,PROD_012,Beauty,60.35,14.0,2.0,0,1
CUST_1155,PROD_004,Home & Kitchen,58.99,8.0,2.0,0,2
CUST_1256,PROD_044,Books,26.09,6.0,1.0,0,0
CUST_1117,PROD_034,Books,40.7,5.0,3.0,2,8
CUST_1146,PROD_047,Home & Kitchen,51.47,15.0,5.0,0,3
CUST_1152,PROD_005,Home & Kitchen,281.19,2.0,0.0,0,2
CUST_1106,PROD_045,Home & Kitchen,,10.0,2.0,1,1
CUST_1343,PROD_006,Books,18.86,6.0,0.0,0,1
CUST_1132,PROD_042,Beauty,22.83,6.0,,0,2
CUST_1082,PROD_004,Home & Kitchen,58.99,6.0,2.0,2,1
CUST_1324,PROD_018,Books,40.44,7.0,4.0,2,1
CUST_1010,PROD_035,Sports,65.18,18.0,3.0,0,0
CUST_1159,PROD_041,Electronics,304.61,8.0,3.0,2,2
CUST_1158,PROD_039,Clothing,145.48,15.0,9.0,3,8
CUST_1180,PROD_013,Electronics,481.7,6.0,1.0,1,2
CUST_1050,PROD_007,Home & Kitchen,,13.0,6.0,1,0
CUST_1013,PROD_008,Clothing,113.86,3.0,0.0,0,2
CUST_1173,PROD_020,Beauty,62.3,5.0,1.0,1,5
CUST_1299,PROD_009,Sports,68.53,4.0,1.0,0,1
CUST_1162,PROD_030,Sports,67.63,2.0,1.0,1,5
CUST_1213,PROD_046,Home & Kitchen,259.15,5.0,4.0,2,2
CUST_1121,PROD_037,Beauty,55.81,7.0,4.0,3,5
CUST_1316,PROD_048,Clothing,35.06,24.0,13.0,2,5
CUST_1265,PROD_039,Clothing,145.48,10.0,5.0,2,0
CUST_1056,PROD_033,Clothing,71.37,8.0,5.0,3,5
CUST_1021,PROD_027,Home & Kitchen,293.7,16.0,3.0,3,1
CUST_1027,PROD_017,Sports,65.93,13.0,8.0,3,2
CUST_1112,PROD_036,Electronics,819.91,5.0,1.0,0,2
CUST_1005,PROD_035,Sports,65.18,12.0,6.0,2,5
CUST_1394,PROD_041,Electronics,304.61,4.0,0.0,0,1
CUST_1377,PROD_009,Sports,68.53,29.0,10.0,1,1
CUST_1242,PROD_023,Clothing,59.6,6.0,3.0,0,2
CUST_1048,PROD_016,Sports,43.57,5.0,4.0,1,2
CUST_1141,PROD_005,Home & Kitchen,281.19,10.0,2.0,0,3
CUST_1339,PROD_005,Home & Kitchen,281.19,8.0,0.0,0,2
CUST_1068,PROD_030,Sports,67.63,22.0,12.0,2,5
CUST_1374,PROD_044,Books,26.09,9.0,4.0,1,1
CUST_1396,PROD_043,Electronics,673.49,8.0,3.0,0,1
CUST_1389,PROD_047,Home & Kitchen,51.47,8.0,3.0,3,3
CUST_1164,PROD_026,Books,35.77,6.0,1.0,0,0
CUST_1158,PROD_032,Clothing,120.77,10.0,9.0,1,8
CUST_1374,PROD_046,Home & Kitchen,259.15,4.0,0.0,0,1
CUST_1178,PROD_039,Clothing,145.48,4.0,1.0,1,0
CUST_1234,PROD_001,Books,57.63,5.0,1.0,0,0
CUST_1051,PROD_020,Beauty,62.3,9.0,5.0,3,5
CUST_1163,PROD_015,,29.59,8.0,4.0,3,1
CUST_1074,PROD_035,Sports,65.18,7.0,3.0,3,2
CUST_1243,PROD_028,Books,20.75,5.0,1.0,0,1
CUST_1355,PROD_036,Electronics,819.91,9.0,1.0,0,1
CUST_1119,PROD_035,Sports,65.18,12.0,10.0,3,1
CUST_1291,PROD_030,Sports,67.63,7.0,4.0,1,2
CUST_1192,PROD_027,Home & Kitchen,293.7,2.0,0.0,0,12
CUST_1390,PROD_032,Clothing,120.77,20.0,9.0,2,8
CUST_1178,PROD_024,,39.24,14.0,5.0,2,0
CUST_1155,PROD_021,Clothing,143.36,5.0,1.0,0,2
CUST_1305,PROD_043,Electronics,673.49,7.0,3.0,0,8
CUST_1085,PROD_047,Home & Kitchen,51.47,5.0,3.0,3,8
CUST_1322,PROD_029,Books,26.96,5.0,2.0,0,0
CUST_1124,PROD_003,Beauty,31.38,14.0,2.0,0,2
CUST_1290,PROD_018,Books,40.44,3.0,0.0,0,1
CUST_1327,PROD_043,Electronics,673.49,5.0,1.0,0,3
CUST_1198,PROD_043,Electronics,673.49,5.0,1.0,0,0
CUST_1122,PROD_018,Books,40.44,10.0,3.0,0,0
CUST_1040,PROD_025,Books,33.13,3.0,0.0,0,3
CUST_1317,PROD_043,Electronics,673.49,12.0,3.0,0,3
CUST_1196,PROD_024,Beauty,39.24,12.0,6.0,0,0
CUST_1124,PROD_016,Sports,43.57,13.0,5.0,0,2
CUST_1004,PROD_036,Electronics,819.91,5.0,1.0,0,1
CUST_1298,PROD_021,Clothing,143.36,7.0,5.0,2,3
CUST_1335,PROD_016,Sports,43.57,21.0,14.0,1,1
CUST_1078,PROD_009,Sports,,7.0,5.0,1,1
CUST_1122,PROD_008,Clothing,113.86,15.0,6.0,1,0
CUST_1205,PROD_021,Clothing,143.36,9.0,4.0,3,12
CUST_1224,PROD_034,Books,40.7,16.0,7.0,1,5
CUST_1216,PROD_036,Electronics,819.91,9.0,3.0,0,2
CUST_1342,PROD_049,Electronics,558.06,14.0,2.0,0,2
CUST_1124,PROD_016,Sports,43.57,6.0,4.0,3,2
CUST_1072,PROD_035,Sports,65.18,29.0,16.0,1,12
CUST_1081,PROD_041,Electronics,304.61,11.0,6.0,3,2
CUST_1175,PROD_004,Home & Kitchen,58.99,13.0,,0,1
CUST_1275,PROD_028,Books,20.75,11.0,8.0,1,1
CUST_1116,PROD_009,Sports,68.53,6.0,2.0,1,5
CUST_1278,PROD_023,Clothing,,6.0,4.0,3,2
CUST_1398,PROD_005,Home & Kitchen,281.19,8.0,4.0,1,2
CUST_1182,PROD_039,Clothing,145.48,32.0,6.0,3,20
CUST_1092,PROD_013,Electronics,481.7,14.0,4.0,2,0
CUST_1049,PROD_049,Electronics,558.06,5.0,2.0,2,0
CUST_1124,PROD_009,Sports,68.53,20.0,8.0,2,2
CUST_1328,PROD_030,Sports,67.63,23.0,10.0,3,3
CUST_1151,PROD_028,Books,20.75,15.0,9.0,3,0
CUST_1189,PROD_028,Books,,5.0,2.0,1,5
CUST_1208,PROD_035,Sports,65.18,9.0,3.0,2,0
CUST_1135,PROD_048,Clothing,35.06,10.0,5.0,3,0
CUST_1148,PROD_018,Books,40.44,,4.0,1,0
CUST_1328,PROD_048,Clothing,35.06,3.0,1.0,1,3
CUST_1010,PROD_040,Books,38.05,5.0,1.0,0,0
CUST_1145,PROD_010,Books,20.8,2.0,0.0,0,1
CUST_1314,PROD_036,Electronics,819.91,14.0,4.0,1,2
CUST_1331,PROD_003,Beauty,31.38,2.0,0.0,0,1
CUST_1101,PROD_020,Beauty,,4.0,1.0,1,1
CUST_1225,PROD_041,Electronics,304.61,7.0,4.0,1,3
CUST_1009,PROD_027,Home & Kitchen,293.7,2.0,0.0,0,0
CUST_1038,PROD_014,Clothing,26.07,6.0,,0,2
CUST_1384,PROD_035,Sports,65.18,18.0,9.0,1,0
CUST_1094,PROD_003,Beauty,31.38,7.0,3.0,3,1
CUST_1321,PROD_013,Electronics,481.7,5.0,2.0,1,2
CUST_1202,PROD_030,Sports,67.63,8.0,6.0,3,2
CUST_1111,PROD_048,Clothing,35.06,9.0,5.0,1,5
CUST_1386,PROD_041,Electronics,304.61,8.0,4.0,3,3
CUST_1218,PROD_031,Books,20.87,3.0,0.0,0,5
CUST_1255,PROD_021,Clothing,143.36,2.0,0.0,0,2
CUST_1243,PROD_031,Books,20.87,10.0,6.0,1,1
CUST_1062,PROD_041,Electronics,304.61,16.0,5.0,2,1
CUST_1013,PROD_037,Beauty,55.81,5.0,3.0,2,2
CUST_1369,PROD_020,Beauty,62.3,14.0,6.0,1,2
CUST_1344,PROD_044,Books,,3.0,0.0,0,8
CUST_1107,PROD_015,Books,29.59,8.0,,1,3
CUST_1169,PROD_042,Beauty,22.83,14.0,7.0,3,0
CUST_1055,PROD_015,Books,29.59,10.0,5.0,0,12
CUST_1164,PROD_047,Home & Kitchen,51.47,3.0,1.0,0,0
CUST_1171,PROD_002,Home & Kitchen,256.11,5.0,2.0,1,2
CUST_1332,PROD_049,Electronics,558.06,6.0,3.0,0,3
CUST_1021,PROD_002,Home & Kitchen,256.11,12.0,2.0,2,1
CUST_1122,PROD_048,Clothing,35.06,5.0,1.0,1,0
CUST_1135,PROD_044,Books,26.09,9.0,3.0,0,0
CUST_1398,PROD_002,Home & Kitchen,256.11,16.0,1.0,0,2
CUST_1101,PROD_024,Beauty,39.24,15.0,2.0,2,1
CUST_1323,PROD_017,Sports,65.93,12.0,6.0,2,1
CUST_1044,PROD_022,Books,39.04,5.0,1.0,0,0
CUST_1002,PROD_045,Home & Kitchen,87.66,11.0,5.0,3,2
CUST_1104,PROD_018,Books,40.44,11.0,1.0,0,0
CUST_1199,PROD_012,Beauty,60.35,8.0,4.0,0,5
CUST_1106,PROD_040,Books,38.05,5.0,0.0,0,1
CUST_1400,PROD_002,Home & Kitchen,256.11,8.0,3.0,2,1
CUST_1131,PROD_029,Books,26.96,9.0,6.0,2,0
CUST_1144,PROD_044,Books,26.09,8.0,5.0,2,2
CUST_1302,PROD_041,Electronics,304.61,8.0,4.0,1,2
CUST_1098,PROD_020,Beauty,62.3,5.0,4.0,3,2
CUST_1071,PROD_028,Books,20.75,8.0,5.0,2,2
CUST_1377,PROD_047,Home & Kitchen,51.47,3.0,1.0,0,1
CUST_1002,PROD_005,Home & Kitchen,281.19,8.0,3.0,1,2
CUST_1028,PROD_043,Electronics,673.49,5.0,1.0,0,2
CUST_1364,PROD_031,Books,20.87,12.0,1.0,0,0
CUST_1079,PROD_025,Books,33.13,5.0,1.0,0,1
CUST_1001,PROD_016,Sports,43.57,6.0,4.0,3,1
CUST_1046,PROD_035,Sports,65.18,7.0,2.0,2,1
CUST_1207,PROD_022,Books,39.04,11.0,7.0,2,5
CUST_1208,PROD_023,Clothing,59.6,4.0,0.0,0,0
CUST_1254,PROD_008,Clothing,113.86,7.0,5.0,1,1
CUST_1204,PROD_002,Home & Kitchen,256.11,8.0,1.0,0,1
CUST_1257,PROD_035,Sports,65.18,9.0,1.0,0,5
CUST_1300,PROD_004,Home & Kitchen,58.99,,5.0,1,2
CUST_1173,PROD_037,Beauty,55.81,6.0,3.0,2,5
CUST_1260,PROD_033,Clothing,71.37,6.0,3.0,1,20
CUST_1138,PROD_013,Electronics,481.7,5.0,1.0,0,0
CUST_1030,PROD_018,Books,40.44,11.0,4.0,2,1
CUST_1313,PROD_023,Clothing,59.6,7.0,4.0,1,8
CUST_1190,PROD_035,Sports,65.18,5.0,5.0,1,1
CUST_1012,PROD_018,Books,40.44,21.0,12.0,2,8
CUST_1089,PROD_049,Electronics,558.06,8.0,3.0,1,0
CUST_1201,PROD_024,Beauty,39.24,10.0,2.0,0,2
CUST_1312,PROD_001,Books,57.63,12.0,0.0,0,2
CUST_1033,PROD_035,Sports,65.18,6.0,3.0,0,12
CUST_1014,PROD_024,Beauty,39.24,6.0,0.0,0,1
CUST_1382,PROD_030,Sports,67.63,2.0,0.0,0,0
CUST_1083,PROD_009,Sports,68.53,5.0,3.0,1,1
CUST_1040,PROD_042,Beauty,22.83,5.0,3.0,3,3
CUST_1001,PROD_009,Sports,68.53,,2.0,2,1
CUST_1185,PROD_040,Books,38.05,5.0,2.0,1,1
CUST_1357,PROD_002,Home & Kitchen,256.11,9.0,1.0,0,12
CUST_1050,PROD_046,Home & Kitchen,259.15,14.0,,0,0
CUST_1121,PROD_020,Beauty,62.3,9.0,3.0,2,5
CUST_1077,PROD_043,Electronics,673.49,10.0,4.0,0,0
CUST_1267,PROD_017,Sports,65.93,5.0,4.0,2,3
CUST_1056,PROD_032,Clothing,120.77,7.0,2.0,2,5
CUST_1014,PROD_024,Beauty,,6.0,0.0,0,1
CUST_1220,PROD_002,Home & Kitchen,256.11,8.0,2.0,0,8
CUST_1173,PROD_048,,35.06,4.0,1.0,1,5
CUST_1024,PROD_037,Beauty,55.81,7.0,1.0,0,3
CUST_1103,PROD_020,Beauty,62.3,19.0,4.0,0,3
CUST_1270,PROD_040,Books,38.05,11.0,3.0,0,3
CUST_1095,PROD_035,Sports,65.18,14.0,10.0,3,1
CUST_1091,PROD_016,Sports,43.57,10.0,1.0,0,0
CUST_1040,PROD_050,Clothing,32.4,4.0,1.0,0,3
CUST_1034,PROD_037,Beauty,55.81,2.0,1.0,1,1
CUST_1302,PROD_041,Electronics,304.61,20.0,7.0,3,2
CUST_1242,PROD_009,Sports,68.53,5.0,0.0,0,2
CUST_1382,PROD_013,Electronics,481.7,10.0,1.0,0,0
CUST_1056,PROD_013,Electronics,481.7,3.0,0.0,0,5
CUST_1336,PROD_025,,33.13,,4.0,0,1
CUST_1310,PROD_038,Clothing,90.16,5.0,2.0,0,0
CUST_1301,PROD_004,Home & Kitchen,58.99,11.0,4.0,3,0
CUST_1069,PROD_015,Books,29.59,11.0,5.0,1,0
CUST_1205,PROD_035,Sports,65.18,13.0,9.0,1,12
CUST_1123,PROD_046,Home & Kitchen,259.15,2.0,0.0,0,0
CUST_1158,PROD_018,Books,40.44,10.0,4.0,3,8
CUST_1128,PROD_017,Sports,65.93,2.0,1.0,1,5
CUST_1268,PROD_024,,39.24,8.0,5.0,0,20
CUST_1170,PROD_026,Books,35.77,14.0,3.0,0,0
CUST_1044,PROD_040,,38.05,13.0,5.0,3,0
CUST_1102,PROD_011,Books,41.36,,0.0,0,2
CUST_1155,PROD_032,Clothing,120.77,21.0,11.0,1,2
CUST_1275,PROD_013,Electronics,481.7,2.0,0.0,0,1
CUST_1145,PROD_046,Home & Kitchen,259.15,6.0,2.0,2,1
CUST_1272,PROD_043,Electronics,673.49,,1.0,0,1
CUST_1108,PROD_049,Electronics,558.06,6.0,1.0,0,0
CUST_1249,PROD_018,Books,40.44,2.0,1.0,1,0
CUST_1053,PROD_002,Home & Kitchen,256.11,7.0,2.0,1,3
CUST_1095,PROD_035,Sports,,6.0,2.0,0,1
CUST_1236,PROD_041,Electronics,304.61,30.0,9.0,1,2
CUST_1342,PROD_023,Clothing,59.6,6.0,1.0,0,2
CUST_1217,PROD_026,Books,35.77,20.0,9.0,1,1
CUST_1362,PROD_018,Books,40.44,6.0,2.0,0,0
CUST_1143,PROD_003,Beauty,31.38,17.0,10.0,2,3
CUST_1063,PROD_017,Sports,65.93,5.0,3.0,2,8
CUST_1173,PROD_024,Beauty,39.24,5.0,3.0,1,5
CUST_1005,PROD_016,Sports,43.57,7.0,4.0,2,5
CUST_1178,PROD_035,Sports,65.18,2.0,0.0,0,0
CUST_1110,PROD_020,Beauty,62.3,5.0,2.0,2,1
CUST_1361,PROD_034,Books,40.7,3.0,1.0,1,1
CUST_1341,PROD_023,Clothing,,6.0,3.0,2,2
CUST_1331,PROD_045,Home & Kitchen,87.66,11.0,7.0,2,1
CUST_1303,PROD_047,Home & Kitchen,51.47,7.0,3.0,1,0
CUST_1161,PROD_013,Electronics,481.7,6.0,1.0,0,0
CUST_1256,PROD_048,Clothing,35.06,11.0,5.0,0,0
CUST_1260,PROD_048,Clothing,35.06,7.0,4.0,2,20
CUST_1026,PROD_036,Electronics,819.91,16.0,3.0,0,1
CUST_1390,PROD_023,Clothing,59.6,5.0,2.0,2,8
CUST_1398,PROD_005,Home & Kitchen,281.19,7.0,3.0,1,2
CUST_1066,PROD_027,Home & Kitchen,293.7,10.0,2.0,0,3
CUST_1252,PROD_026,Books,35.77,5.0,0.0,0,0
CUST_1002,PROD_046,Home & Kitchen,259.15,5.0,2.0,1,2
CUST_1060,PROD_010,Books,20.8,7.0,4.0,3,0
CUST_1396,PROD_049,Electronics,558.06,5.0,2.0,2,1
CUST_1210,PROD_014,Clothing,26.07,11.0,4.0,3,5
CUST_1132,PROD_008,Clothing,113.86,12.0,4.0,3,2
CUST_1328,PROD_035,Sports,65.18,7.0,4.0,1,3
CUST_1106,PROD_021,Clothing,143.36,2.0,0.0,0,1
CUST_1394,PROD_003,,31.38,9.0,4.0,0,1
CUST_1131,PROD_025,Books,33.13,7.0,1.0,1,0
CUST_1389,PROD_043,Electronics,673.49,3.0,1.0,1,3
CUST_1276,PROD_016,Sports,43.57,2.0,1.0,1,3
CUST_1355,PROD_016,Sports,43.57,10.0,6.0,3,1
CUST_1295,PROD_020,Beauty,62.3,3.0,0.0,0,8
CUST_1144,PROD_044,Books,,3.0,1.0,1,2
CUST_1035,PROD_033,Clothing,71.37,9.0,6.0,3,3
CUST_1139,PROD_013,Electronics,481.7,10.0,4.0,0,2
CUST_1210,PROD_041,Electronics,304.61,12.0,2.0,2,5
CUST_1313,PROD_032,Clothing,120.77,5.0,1.0,1,8
CUST_1324,PROD_022,Books,39.04,10.0,5.0,0,1
CUST_1353,PROD_045,Home & Kitchen,87.66,9.0,2.0,1,0
CUST_1373,PROD_046,Home & Kitchen,259.15,5.0,1.0,0,3
CUST_1085,PROD_014,Clothing,26.07,5.0,0.0,0,8
CUST_1039,PROD_003,Beauty,31.38,2.0,0.0,0,0
CUST_1008,PROD_033,Clothing,71.37,5.0,0.0,0,3
CUST_1013,PROD_012,Beauty,60.35,12.0,7.0,2,2
CUST_1082,PROD_027,,293.7,7.0,6.0,1,1
CUST_1281,PROD_044,Books,26.09,6.0,,3,2
CUST_1095,PROD_002,Home & Kitchen,,,0.0,1,1
CUST_1332,PROD_049,Electronics,558.06,11.0,3.0,0,3
CUST_1226,PROD_007,Home & Kitchen,35.97,8.0,6.0,2,2
CUST_1187,PROD_035,Sports,65.18,5.0,1.0,0,0
CUST_1263,PROD_031,Books,20.87,4.0,0.0,0,5
CUST_1161,PROD_033,Clothing,71.37,6.0,2.0,1,0
CUST_1200,PROD_050,Clothing,32.4,6.0,1.0,0,0
CUST_1271,PROD_022,Books,39.04,15.0,4.0,0,5
CUST_1066,PROD_046,Home & Kitchen,259.15,5.0,1.0,0,3
CUST_1066,PROD_005,Home & Kitchen,281.19,10.0,4.0,2,3
CUST_1039,PROD_020,Beauty,62.3,6.0,2.0,0,0
CUST_1073,PROD_049,Electronics,558.06,16.0,4.0,3,0
CUST_1243,PROD_026,Books,35.77,6.0,4.0,1,1
CUST_1230,PROD_009,Sports,68.53,17.0,6.0,1,5
CUST_1138,PROD_013,Electronics,481.7,5.0,1.0,0,0
CUST_1320,PROD_006,Books,18.86,5.0,1.0,1,5
CUST_1390,PROD_050,Clothing,32.4,5.0,2.0,1,8
CUST_1247,PROD_033,Clothing,71.37,2.0,1.0,1,1
CUST_1106,PROD_010,Books,20.8,2.0,1.0,1,1
CUST_1083,PROD_016,Sports,43.57,6.0,3.0,3,1
CUST_1149,PROD_013,Electronics,481.7,5.0,0.0,0,1
CUST_1380,PROD_040,Books,38.05,7.0,3.0,2,1
CUST_1343,PROD_038,Clothing,90.16,25.0,11.0,1,1
CUST_1053,PROD_018,Books,40.44,11.0,0.0,0,3
CUST_1353,PROD_046,Home & Kitchen,,12.0,5.0,3,0
CUST_1244,PROD_021,Clothing,143.36,6.0,2.0,2,0
CUST_1129,PROD_010,Books,20.8,6.0,5.0,3,1
CUST_1172,PROD_049,Electronics,558.06,9.0,2.0,1,3
CUST_1100,PROD_038,Clothing,90.16,3.0,0.0,0,1
CUST_1387,PROD_043,Electronics,673.49,3.0,0.0,0,0
CUST_1245,PROD_027,Home & Kitchen,293.7,3.0,0.0,0,1
CUST_1359,PROD_007,Home & Kitchen,35.97,40.0,18.0,3,5
CUST_1359,PROD_050,Clothing,32.4,4.0,2.0,1,5
CUST_1206,PROD_049,Electronics,558.06,9.0,4.0,1,5
CUST_1398,PROD_004,Home & Kitchen,58.99,5.0,1.0,1,2
CUST_1303,PROD_023,Clothing,59.6,3.0,0.0,0,0
CUST_1388,PROD_003,Beauty,31.38,5.0,2.0,2,0
CUST_1104,PROD_030,Sports,67.63,33.0,12.0,3,0
CUST_1159,PROD_004,Home & Kitchen,58.99,5.0,1.0,0,2
CUST_1036,PROD_037,Beauty,55.81,,6.0,0,1
CUST_1399,PROD_009,Sports,,5.0,3.0,1,8
CUST_1005,PROD_017,Sports,65.93,9.0,5.0,3,5
CUST_1081,PROD_021,Clothing,143.36,6.0,2.0,0,2
CUST_1122,PROD_021,Clothing,143.36,6.0,3.0,2,0
CUST_1009,PROD_014,Clothing,26.07,18.0,7.0,2,0
CUST_1243,PROD_001,Books,57.63,6.0,2.0,0,1
CUST_1199,PROD_043,Electronics,673.49,5.0,0.0,0,5
CUST_1305,PROD_036,Electronics,819.91,10.0,2.0,1,8
CUST_1191,PROD_047,Home & Kitchen,51.47,11.0,5.0,0,1
CUST_1309,PROD_024,Beauty,39.24,,4.0,2,1
CUST_1289,PROD_002,Home & Kitchen,256.11,7.0,1.0,1,0
CUST_1245,PROD_033,Clothing,71.37,9.0,1.0,0,1
CUST_1385,PROD_037,Beauty,55.81,13.0,7.0,0,0
CUST_1140,PROD_030,Sports,67.63,8.0,4.0,1,0
CUST_1069,PROD_010,Books,20.8,14.0,6.0,0,0
CUST_1316,PROD_002,Home & Kitchen,256.11,17.0,1.0,0,5
CUST_1384,PROD_031,Books,20.87,14.0,5.0,0,0
CUST_1021,PROD_002,Home & Kitchen,256.11,11.0,4.0,0,1
CUST_1121,PROD_020,Beauty,62.3,9.0,7.0,1,5
CUST_1152,PROD_021,Clothing,143.36,13.0,7.0,0,2
CUST_1133,PROD_017,Sports,65.93,7.0,3.0,3,0
CUST_1217,PROD_022,Books,,5.0,1.0,1,1
CUST_1269,PROD_030,Sports,67.63,5.0,2.0,1,8
CUST_1048,PROD_035,Sports,65.18,6.0,6.0,2,2
CUST_1145,PROD_027,Home & Kitchen,293.7,5.0,0.0,1,1
CUST_1277,PROD_014,Clothing,26.07,5.0,1.0,0,1
CUST_1121,PROD_012,Beauty,60.35,5.0,4.0,3,5
CUST_1365,PROD_034,Books,40.7,8.0,2.0,0,1
CUST_1061,PROD_049,Electronics,558.06,10.0,1.0,1,2
CUST_1144,PROD_020,Beauty,62.3,7.0,5.0,1,2
CUST_1273,PROD_025,Books,33.13,3.0,0.0,0,0
CUST_1064,PROD_037,Beauty,55.81,6.0,4.0,1,8
CUST_1255,PROD_042,Beauty,22.83,7.0,3.0,3,2
CUST_1242,PROD_016,Sports,43.57,6.0,5.0,3,2
CUST_1090,PROD_037,Beauty,55.81,5.0,4.0,0,2
CUST_1019,PROD_033,Clothing,71.37,10.0,0.0,0,0
CUST_1007,PROD_035,Sports,65.18,11.0,5.0,0,2
CUST_1251,PROD_040,Books,38.05,8.0,2.0,0,2
CUST_1285,PROD_033,Clothing,71.37,6.0,5.0,1,5
CUST_1245,PROD_021,Clothing,143.36,11.0,5.0,3,1
CUST_1147,PROD_041,Electronics,304.61,10.0,5.0,3,1
CUST_1034,PROD_011,,41.36,20.0,10.0,1,1
CUST_1246,PROD_022,Books,39.04,7.0,5.0,1,2
CUST_1238,PROD_041,Electronics,304.61,14.0,2.0,0,3
CUST_1300,PROD_005,Home & Kitchen,281.19,,4.0,1,2
CUST_1004,PROD_049,Electronics,558.06,5.0,1.0,1,1
CUST_1332,PROD_008,Clothing,113.86,3.0,0.0,0,3
CUST_1390,PROD_031,Books,20.87,4.0,0.0,0,8
CUST_1119,PROD_035,Sports,65.18,5.0,1.0,0,1
CUST_1186,PROD_048,Clothing,35.06,6.0,1.0,0,3
CUST_1262,PROD_032,Clothing,120.77,5.0,3.0,3,1
CUST_1037,PROD_037,Beauty,55.81,,1.0,0,1
CUST_1209,PROD_003,Beauty,31.38,7.0,3.0,2,1
CUST_1089,PROD_036,Electronics,819.91,6.0,1.0,0,0
CUST_1170,PROD_022,Books,39.04,3.0,0.0,0,0
CUST_1354,PROD_012,Beauty,60.35,5.0,1.0,0,20
CUST_1283,PROD_045,,87.66,6.0,,2,1
CUST_1144,PROD_047,Home & Kitchen,51.47,8.0,3.0,2,2
CUST_1383,PROD_022,Books,39.04,2.0,0.0,0,0
CUST_1232,PROD_042,Beauty,22.83,5.0,3.0,1,1
CUST_1303,PROD_004,Home & Kitchen,,16.0,11.0,1,0
CUST_1227,PROD_008,Clothing,113.86,2.0,0.0,0,1
CUST_1146,PROD_019,Home & Kitchen,279.38,17.0,3.0,3,3
CUST_1248,PROD_006,Books,18.86,7.0,6.0,1,20
CUST_1149,PROD_041,Electronics,304.61,5.0,2.0,2,1
CUST_1026,PROD_026,Books,,4.0,0.0,0,1
CUST_1339,PROD_010,Books,20.8,2.0,1.0,1,2
CUST_1025,PROD_031,Books,20.87,8.0,2.0,2,5
CUST_1365,PROD_047,Home & Kitchen,51.47,9.0,3.0,0,1
CUST_1208,PROD_030,Sports,67.63,7.0,2.0,0,0
CUST_1190,PROD_006,Books,18.86,5.0,2.0,2,1
CUST_1065,PROD_036,Electronics,819.91,12.0,4.0,0,1
CUST_1261,PROD_006,Books,18.86,3.0,1.0,1,1
CUST_1168,PROD_048,Clothing,35.06,9.0,3.0,0,0
CUST_1381,PROD_042,Beauty,22.83,6.0,3.0,3,3
CUST_1115,PROD_015,Books,29.59,6.0,1.0,0,3
CUST_1027,PROD_009,Sports,68.53,7.0,3.0,2,2
CUST_1197,PROD_004,Home & Kitchen,58.99,4.0,3.0,3,1
CUST_1151,PROD_023,Clothing,59.6,2.0,0.0,0,0
CUST_1153,PROD_009,Sports,68.53,,0.0,0,0
CUST_1043,PROD_017,Sports,,6.0,4.0,0,1
CUST_1003,PROD_049,Electronics,558.06,5.0,1.0,1,8
CUST_1320,PROD_028,Books,20.75,6.0,3.0,2,5
CUST_1261,PROD_049,Electronics,558.06,,3.0,3,1
CUST_1148,PROD_046,Home & Kitchen,259.15,5.0,1.0,0,0
CUST_1066,PROD_012,Beauty,60.35,8.0,2.0,0,3
CUST_1337,PROD_023,,59.6,4.0,1.0,0,2
CUST_1082,PROD_015,Books,29.59,5.0,2.0,0,1
CUST_1162,PROD_035,Sports,65.18,2.0,0.0,1,5
CUST_1319,PROD_037,Beauty,55.81,11.0,6.0,2,0
CUST_1149,PROD_028,Books,20.75,2.0,0.0,0,1
CUST_1130,PROD_027,Home & Kitchen,293.7,6.0,2.0,1,3
CUST_1067,PROD_011,Books,41.36,14.0,1.0,0,5
CUST_1155,PROD_032,Clothing,120.77,5.0,4.0,1,2
CUST_1074,PROD_023,Clothing,59.6,3.0,0.0,0,2
CUST_1297,PROD_024,Beauty,39.24,8.0,4.0,0,2
CUST_1264,PROD_049,Electronics,558.06,19.0,4.0,0,5
CUST_1394,PROD_021,Clothing,,4.0,1.0,0,1
CUST_1019,PROD_029,Books,26.96,6.0,1.0,1,0
CUST_1255,PROD_024,Beauty,39.24,6.0,1.0,0,2
CUST_1158,PROD_008,Clothing,113.86,5.0,2.0,1,8
CUST_1122,PROD_038,Clothing,90.16,7.0,4.0,2,0
CUST_1321,PROD_043,Electronics,673.49,7.0,3.0,3,2
CUST_1031,PROD_046,Home & Kitchen,259.15,13.0,3.0,0,1
CUST_1251,PROD_011,Books,41.36,9.0,4.0,3,2
CUST_1016,PROD_018,Books,40.44,8.0,3.0,3,8
CUST_1277,PROD_021,Clothing,143.36,9.0,4.0,3,1
CUST_1135,PROD_039,Clothing,145.48,5.0,1.0,1,0
CUST_1381,PROD_033,Clothing,71.37,3.0,1.0,1,3
CUST_1186,PROD_037,Beauty,55.81,7.0,4.0,2,3
CUST_1037,PROD_034,Books,40.7,7.0,1.0,0,1
CUST_1016,PROD_026,Books,35.77,,3.0,1,8
CUST_1113,PROD_015,Books,29.59,5.0,1.0,0,2
CUST_1107,PROD_033,Clothing,71.37,6.0,3.0,2,3
CUST_1241,PROD_039,Clothing,145.48,5.0,3.0,1,12
CUST_1310,PROD_031,Books,20.87,7.0,1.0,1,0
CUST_1187,PROD_041,Electronics,304.61,20.0,3.0,0,0
CUST_1272,PROD_013,Electronics,481.7,18.0,7.0,0,1
CUST_1386,PROD_036,Electronics,819.91,5.0,2.0,1,3
CUST_1133,PROD_045,Home & Kitchen,87.66,3.0,0.0,0,0
CUST_1086,PROD_005,Home & Kitchen,281.19,12.0,3.0,0,1
CUST_1220,PROD_008,Clothing,113.86,6.0,2.0,2,8
CUST_1177,PROD_048,Clothing,35.06,7.0,,2,3
CUST_1110,PROD_045,Home & Kitchen,87.66,3.0,0.0,0,1
CUST_1241,PROD_050,Clothing,32.4,9.0,,3,12
CUST_1293,PROD_008,Clothing,,14.0,5.0,2,5
CUST_1079,PROD_010,Books,20.8,10.0,4.0,1,1
CUST_1130,PROD_029,Books,26.96,7.0,3.0,0,3
CUST_1193,PROD_008,Clothing,113.86,3.0,0.0,0,0
CUST_1316,PROD_021,Clothing,143.36,18.0,7.0,0,5
CUST_1089,PROD_043,Electronics,673.49,12.0,3.0,2,0
CUST_1091,PROD_031,Books,20.87,7.0,4.0,2,0
CUST_1115,PROD_034,Books,40.7,10.0,7.0,2,3
CUST_1203,PROD_003,Beauty,31.38,16.0,4.0,1,3
CUST_1297,PROD_040,Books,,8.0,4.0,1,2
CUST_1010,PROD_041,Electronics,304.61,4.0,0.0,0,0
CUST_1309,PROD_002,Home & Kitchen,256.11,,1.0,0,1
CUST_1053,PROD_004,Home & Kitchen,58.99,9.0,3.0,2,3
CUST_1089,PROD_015,Books,29.59,11.0,1.0,0,0
CUST_1016,PROD_020,Beauty,62.3,5.0,0.0,0,8
CUST_1104,PROD_024,Beauty,,5.0,1.0,0,0
CUST_1126,PROD_015,Books,29.59,2.0,0.0,0,1
CUST_1210,PROD_043,Electronics,673.49,8.0,3.0,0,5
CUST_1013,PROD_048,Clothing,35.06,5.0,1.0,1,2
CUST_1031,PROD_005,Home & Kitchen,281.19,8.0,4.0,2,1
CUST_1324,PROD_035,Sports,65.18,12.0,2.0,0,1
CUST_1062,PROD_049,Electronics,558.06,12.0,2.0,0,1
CUST_1059,PROD_035,Sports,65.18,10.0,5.0,3,3
CUST_1253,PROD_031,Books,,5.0,2.0,0,5
CUST_1375,PROD_024,Beauty,39.24,8.0,4.0,2,0
CUST_1112,PROD_017,Sports,65.93,2.0,0.0,0,2
CUST_1364,PROD_027,Home & Kitchen,293.7,6.0,1.0,0,0
CUST_1329,PROD_025,Books,33.13,7.0,3.0,0,0
CUST_1376,PROD_014,Clothing,26.07,13.0,3.0,2,2
CUST_1226,PROD_005,Home & Kitchen,281.19,6.0,1.0,0,2
CUST_1192,PROD_018,Books,40.44,5.0,3.0,1,12
CUST_1241,PROD_038,Clothing,90.16,6.0,3.0,3,12
CUST_1304,PROD_029,Books,26.96,19.0,5.0,0,0
CUST_1241,PROD_008,Clothing,113.86,8.0,5.0,2,12
CUST_1186,PROD_012,Beauty,60.35,6.0,3.0,3,3
CUST_1202,PROD_009,Sports,68.53,6.0,2.0,0,2
CUST_1133,PROD_042,Beauty,22.83,3.0,2.0,2,0
CUST_1267,PROD_022,Books,39.04,4.0,0.0,0,3
CUST_1215,PROD_050,Clothing,32.4,6.0,3.0,2,1
CUST_1136,PROD_003,Beauty,,18.0,6.0,2,0
CUST_1020,PROD_040,Books,38.05,8.0,7.0,1,8
CUST_1033,PROD_016,Sports,43.57,5.0,4.0,2,12
CUST_1245,PROD_039,Clothing,145.48,13.0,6.0,2,1
CUST_1006,PROD_017,Sports,65.93,8.0,1.0,1,2
CUST_1098,PROD_024,Beauty,39.24,14.0,7.0,3,2
CUST_1159,PROD_025,Books,33.13,6.0,2.0,0,2
CUST_1031,PROD_004,Home & Kitchen,58.99,6.0,2.0,2,1
CUST_1203,PROD_042,Beauty,22.83,8.0,5.0,1,3
CUST_1217,PROD_015,Books,29.59,12.0,,0,1
CUST_1340,PROD_001,Books,57.63,8.0,4.0,0,2
CUST_1068,PROD_025,Books,33.13,4.0,1.0,0,5
CUST_1397,PROD_050,Clothing,32.4,7.0,3.0,3,2
CUST_1275,PROD_031,Books,20.87,22.0,8.0,2,1
CUST_1228,PROD_001,Books,57.63,7.0,1.0,1,1
CUST_1201,PROD_013,Electronics,481.7,6.0,0.0,0,2
CUST_1288,PROD_048,Clothing,35.06,6.0,5.0,2,3
CUST_1163,PROD_026,Books,35.77,9.0,5.0,0,1
CUST_1263,PROD_009,Sports,68.53,11.0,4.0,0,5
CUST_1105,PROD_009,Sports,68.53,7.0,2.0,2,1
CUST_1155,PROD_038,Clothing,90.16,17.0,8.0,2,2
CUST_1116,PROD_035,Sports,65.18,6.0,4.0,1,5
CUST_1294,PROD_020,Beauty,,13.0,8.0,2,5
CUST_1121,PROD_020,Beauty,62.3,5.0,2.0,2,5
CUST_1057,PROD_045,Home & Kitchen,87.66,5.0,2.0,1,1
CUST_1046,PROD_016,Sports,43.57,8.0,2.0,1,1
CUST_1345,PROD_048,Clothing,35.06,13.0,4.0,1,1
CUST_1064,PROD_025,Books,33.13,5.0,0.0,0,8
CUST_1031,PROD_004,Home & Kitchen,58.99,5.0,0.0,0,1
CUST_1325,PROD_008,Clothing,113.86,5.0,2.0,2,3
CUST_1349,PROD_030,Sports,67.63,7.0,4.0,1,1
CUST_1392,PROD_036,Electronics,819.91,7.0,1.0,0,3
CUST_1316,PROD_033,Clothing,71.37,5.0,1.0,0,5
CUST_1056,PROD_032,Clothing,120.77,7.0,4.0,1,5
CUST_1125,PROD_003,Beauty,31.38,27.0,14.0,2,2
CUST_1255,PROD_041,Electronics,304.61,3.0,0.0,0,2
CUST_1336,PROD_028,Books,20.75,6.0,5.0,3,1
CUST_1343,PROD_038,Clothing,90.16,10.0,4.0,3,1
CUST_1360,PROD_039,Clothing,145.48,9.0,2.0,2,2
CUST_1347,PROD_012,Beauty,60.35,6.0,5.0,3,8
CUST_1170,PROD_013,Electronics,481.7,5.0,,0,0
CUST_1377,PROD_016,,43.57,6.0,3.0,1,1
CUST_1341,PROD_028,Books,20.75,11.0,4.0,0,2
CUST_1377,PROD_018,Books,40.44,10.0,4.0,2,1
CUST_1002,PROD_024,Beauty,39.24,9.0,3.0,2,2
CUST_1086,PROD_041,Electronics,304.61,3.0,0.0,0,1
CUST_1311,PROD_003,Beauty,31.38,21.0,11.0,0,2
CUST_1338,PROD_006,Books,18.86,7.0,5.0,3,1
CUST_1287,PROD_023,Clothing,59.6,7.0,5.0,3,1
CUST_1276,PROD_049,Electronics,558.06,6.0,2.0,1,3
CUST_1096,PROD_025,Books,33.13,13.0,5.0,3,12
CUST_1266,PROD_041,Electronics,304.61,9.0,3.0,3,0
CUST_1375,PROD_024,Beauty,39.24,6.0,0.0,0,0
CUST_1384,PROD_004,Home & Kitchen,58.99,9.0,2.0,1,0
CUST_1100,PROD_048,Clothing,35.06,2.0,0.0,0,1
CUST_1239,PROD_035,Sports,65.18,9.0,6.0,2,1
CUST_1336,PROD_022,Books,39.04,5.0,2.0,2,1
CUST_1071,PROD_015,Books,29.59,9.0,3.0,0,2
CUST_1059,PROD_032,Clothing,120.77,4.0,0.0,0,3
CUST_1203,PROD_037,Beauty,55.81,7.0,2.0,2,3
CUST_1054,PROD_005,Home & Kitchen,281.19,7.0,2.0,1,1
CUST_1179,PROD_021,Clothing,143.36,7.0,2.0,0,5
CUST_1341,PROD_032,Clothing,120.77,,11.0,3,2
CUST_1046,PROD_037,Beauty,55.81,2.0,0.0,0,1
CUST_1089,PROD_049,Electronics,558.06,,4.0,0,0
CUST_1004,PROD_043,Electronics,673.49,8.0,0.0,0,1
CUST_1354,PROD_042,Beauty,22.83,9.0,,1,20
CUST_1255,PROD_012,Beauty,60.35,7.0,3.0,3,2
CUST_1334,PROD_048,Clothing,35.06,2.0,1.0,1,5
CUST_1204,PROD_024,Beauty,39.24,5.0,2.0,2,1
CUST_1113,PROD_026,Books,35.77,6.0,3.0,2,2
CUST_1081,PROD_049,Electronics,558.06,13.0,5.0,3,2
CUST_1283,PROD_031,Books,20.87,3.0,0.0,0,1
CUST_1100,PROD_024,Beauty,39.24,5.0,2.0,1,1
CUST_1314,PROD_013,Electronics,481.7,8.0,4.0,3,2
CUST_1059,PROD_016,Sports,43.57,14.0,,1,3
CUST_1291,PROD_035,Sports,65.18,11.0,6.0,0,2
CUST_1364,PROD_002,Home & Kitchen,256.11,5.0,0.0,0,0
CUST_1398,PROD_045,Home & Kitchen,87.66,8.0,2.0,0,2
CUST_1278,PROD_038,Clothing,90.16,21.0,7.0,1,2
CUST_1253,PROD_015,Books,,9.0,4.0,3,5
CUST_1377,PROD_016,Sports,43.57,6.0,0.0,0,1
CUST_1094,PROD_003,,31.38,8.0,4.0,0,1
CUST_1309,PROD_037,Beauty,55.81,14.0,3.0,1,1
CUST_1087,PROD_045,Home & Kitchen,87.66,10.0,1.0,1,2
CUST_1339,PROD_044,Books,,3.0,0.0,0,2
CUST_1212,PROD_020,Beauty,62.3,12.0,3.0,3,0
CUST_1022,PROD_006,,18.86,6.0,2.0,1,1
CUST_1160,PROD_012,Beauty,60.35,11.0,6.0,2,0
CUST_1172,PROD_041,Electronics,304.61,10.0,7.0,2,3
CUST_1149,PROD_049,Electronics,558.06,25.0,8.0,2,1
CUST_1230,PROD_031,Books,20.87,3.0,1.0,1,5
CUST_1027,PROD_017,Sports,65.93,8.0,3.0,2,2
CUST_1177,PROD_046,Home & Kitchen,259.15,5.0,0.0,0,3
CUST_1101,PROD_036,Electronics,819.91,15.0,5.0,0,1
CUST_1340,PROD_015,Books,29.59,6.0,2.0,1,2
CUST_1341,PROD_020,Beauty,62.3,2.0,1.0,1,2
CUST_1214,PROD_018,Books,40.44,2.0,0.0,0,1
CUST_1383,PROD_049,Electronics,558.06,15.0,3.0,0,0
CUST_1060,PROD_034,,40.7,7.0,4.0,2,0
CUST_1145,PROD_045,Home & Kitchen,87.66,9.0,6.0,2,1
CUST_1264,PROD_017,Sports,65.93,7.0,2.0,0,5
CUST_1234,PROD_047,Home & Kitchen,51.47,3.0,0.0,0,0
CUST_1122,PROD_048,Clothing,35.06,9.0,5.0,1,0
CUST_1232,PROD_049,Electronics,558.06,3.0,0.0,0,1
CUST_1307,PROD_008,Clothing,113.86,12.0,9.0,1,2
CUST_1311,PROD_041,Electronics,304.61,10.0,1.0,0,2
CUST_1053,PROD_049,Electronics,558.06,7.0,2.0,0,3
CUST_1030,PROD_029,Books,26.96,8.0,2.0,0,1
CUST_1369,PROD_047,Home & Kitchen,51.47,8.0,0.0,0,2
CUST_1285,PROD_039,Clothing,145.48,8.0,5.0,2,5
CUST_1325,PROD_021,Clothing,143.36,,3.0,2,3
CUST_1371,PROD_041,Electronics,304.61,4.0,1.0,0,2
CUST_1198,PROD_019,Home & Kitchen,279.38,,6.0,1,0
CUST_1017,PROD_050,Clothing,32.4,2.0,1.0,0,1
CUST_1376,PROD_043,Electronics,673.49,5.0,2.0,2,2
CUST_1326,PROD_009,Sports,68.53,5.0,4.0,3,0
CUST_1233,PROD_003,Beauty,31.38,2.0,1.0,0,8
CUST_1236,PROD_043,Electronics,673.49,6.0,,0,2
CUST_1213,PROD_004,Home & Kitchen,58.99,9.0,5.0,1,2
CUST_1398,PROD_019,Home & Kitchen,279.38,8.0,1.0,1,2
CUST_1243,PROD_015,Books,29.59,5.0,2.0,0,1
CUST_1298,PROD_008,Clothing,113.86,11.0,5.0,3,3
CUST_1271,PROD_011,Books,41.36,4.0,0.0,0,5
CUST_1204,PROD_047,Home & Kitchen,51.47,6.0,0.0,0,1
CUST_1220,PROD_008,Clothing,113.86,14.0,6.0,1,8
CUST_1078,PROD_024,Beauty,39.24,6.0,1.0,1,1
CUST_1328,PROD_030,Sports,67.63,9.0,4.0,2,3
CUST_1209,PROD_037,Beauty,55.81,6.0,1.0,1,1
CUST_1092,PROD_041,Electronics,304.61,10.0,2.0,2,0
CUST_1016,PROD_005,Home & Kitchen,281.19,5.0,2.0,1,8
CUST_1012,PROD_026,Books,,14.0,9.0,1,8
CUST_1352,PROD_041,Electronics,,17.0,3.0,3,0
CUST_1268,PROD_014,Clothing,26.07,5.0,2.0,0,20
CUST_1061,PROD_026,Books,35.77,4.0,1.0,0,2
CUST_1072,PROD_023,Clothing,59.6,4.0,1.0,0,12
CUST_1382,PROD_014,Clothing,26.07,11.0,2.0,0,0
CUST_1168,PROD_032,Clothing,120.77,5.0,4.0,2,0
CUST_1167,PROD_013,Electronics,481.7,40.0,19.0,2,12
CUST_1080,PROD_047,Home & Kitchen,51.47,7.0,3.0,1,3
CUST_1351,PROD_043,Electronics,,7.0,1.0,0,1
CUST_1008,PROD_043,Electronics,673.49,17.0,6.0,3,3
CUST_1210,PROD_028,Books,20.75,3.0,1.0,0,5
CUST_1133,PROD_017,Sports,65.93,14.0,5.0,1,0
CUST_1161,PROD_020,Beauty,62.3,3.0,0.0,0,0
CUST_1278,PROD_036,Electronics,819.91,2.0,0.0,0,2
CUST_1324,PROD_037,Beauty,55.81,2.0,0.0,0,1
CUST_1379,PROD_012,Beauty,60.35,5.0,3.0,1,5
CUST_1185,PROD_029,Books,26.96,17.0,,3,1
CUST_1163,PROD_010,Books,20.8,33.0,13.0,2,1
CUST_1131,PROD_028,Books,20.75,5.0,1.0,1,0
CUST_1314,PROD_041,Electronics,304.61,10.0,1.0,1,2
CUST_1220,PROD_039,Clothing,145.48,6.0,4.0,3,8
CUST_1052,PROD_022,Books,39.04,16.0,4.0,1,3
CUST_1109,PROD_041,Electronics,,2.0,2.0,2,1
CUST_1176,PROD_031,Books,20.87,7.0,5.0,3,3
CUST_1269,PROD_019,Home & Kitchen,279.38,7.0,0.0,0,8
CUST_1093,PROD_025,Books,33.13,5.0,4.0,3,12
CUST_1296,PROD_032,Clothing,120.77,,5.0,1,5
CUST_1283,PROD_016,Sports,43.57,11.0,2.0,1,1
CUST_1117,PROD_029,Books,26.96,19.0,11.0,1,8
CUST_1278,PROD_040,Books,38.05,4.0,1.0,1,2
CUST_1318,PROD_035,Sports,65.18,23.0,11.0,3,0
CUST_1211,PROD_026,Books,35.77,5.0,2.0,0,0
CUST_1055,PROD_039,Clothing,145.48,11.0,3.0,0,12
CUST_1167,PROD_043,Electronics,673.49,7.0,2.0,0,12
CUST_1225,PROD_020,Beauty,62.3,8.0,2.0,0,3
CUST_1038,PROD_032,Clothing,120.77,10.0,6.0,2,2
CUST_1357,PROD_017,,65.93,10.0,7.0,3,12
CUST_1326,PROD_030,Sports,67.63,18.0,8.0,3,0
CUST_1014,PROD_020,Beauty,62.3,9.0,4.0,2,1
CUST_1252,PROD_003,Beauty,31.38,20.0,13.0,3,0
CUST_1106,PROD_026,Books,35.77,2.0,0.0,0,1
CUST_1172,PROD_013,Electronics,481.7,10.0,3.0,0,3
CUST_1316,PROD_033,Clothing,71.37,5.0,4.0,2,5
CUST_1385,PROD_012,Beauty,60.35,10.0,6.0,1,0
CUST_1200,PROD_028,Books,20.75,6.0,1.0,0,0
CUST_1258,PROD_011,Books,41.36,2.0,0.0,0,0
CUST_1149,PROD_001,Books,57.63,,2.0,0,1
CUST_1254,PROD_008,Clothing,113.86,20.0,9.0,3,1
CUST_1354,PROD_031,,20.87,5.0,2.0,1,20
CUST_1246,PROD_005,Home & Kitchen,281.19,3.0,1.0,1,2
CUST_1348,PROD_012,Beauty,60.35,15.0,8.0,0,0
CUST_1331,PROD_025,Books,33.13,14.0,3.0,2,1
CUST_1294,PROD_023,Clothing,59.6,6.0,1.0,0,5
CUST_1049,PROD_012,Beauty,60.35,11.0,2.0,0,0
CUST_1269,PROD_016,Sports,43.57,6.0,4.0,1,8
CUST_1348,PROD_037,Beauty,55.81,9.0,3.0,1,0
CUST_1106,PROD_045,Home & Kitchen,87.66,16.0,11.0,1,1
CUST_1377,PROD_030,Sports,67.63,9.0,7.0,3,1
CUST_1004,PROD_049,Electronics,558.06,14.0,4.0,0,1
CUST_1304,PROD_015,Books,29.59,5.0,3.0,1,0
CUST_1228,PROD_034,Books,40.7,11.0,9.0,2,1
CUST_1363,PROD_039,Clothing,145.48,18.0,9.0,2,1
CUST_1131,PROD_040,Books,38.05,8.0,4.0,2,0
CUST_1226,PROD_032,Clothing,120.77,15.0,4.0,0,2
CUST_1148,PROD_011,Books,41.36,11.0,4.0,2,0
CUST_1169,PROD_012,Beauty,60.35,10.0,6.0,0,0
CUST_1205,PROD_034,Books,40.7,3.0,1.0,0,12
CUST_1171,PROD_049,Electronics,558.06,8.0,0.0,0,2
CUST_1372,PROD_023,Clothing,59.6,5.0,4.0,1,20
CUST_1299,PROD_039,Clothing,145.48,6.0,5.0,1,1
CUST_1074,PROD_012,Beauty,60.35,16.0,5.0,0,2
CUST_1080,PROD_013,Electronics,481.7,8.0,1.0,0,3
CUST_1205,PROD_023,Clothing,59.6,12.0,6.0,0,12
CUST_1399,PROD_030,Sports,67.63,11.0,7.0,3,8
CUST_1400,PROD_004,Home & Kitchen,58.99,5.0,0.0,0,1
CUST_1340,PROD_025,Books,33.13,9.0,6.0,0,2
CUST_1239,PROD_009,Sports,68.53,5.0,1.0,1,1
CUST_1356,PROD_021,Clothing,143.36,2.0,1.0,1,8
CUST_1046,PROD_030,Sports,67.63,7.0,2.0,2,1
CUST_1218,PROD_046,Home & Kitchen,259.15,7.0,2.0,0,5
CUST_1189,PROD_011,Books,41.36,8.0,5.0,1,5
CUST_1144,PROD_012,Beauty,60.35,9.0,4.0,2,2
CUST_1146,PROD_029,Books,26.96,15.0,8.0,0,3
CUST_1153,PROD_031,Books,20.87,12.0,5.0,3,0
CUST_1196,PROD_003,Beauty,31.38,10.0,6.0,3,0
CUST_1091,PROD_001,Books,57.63,,4.0,3,0
CUST_1224,PROD_038,,90.16,3.0,2.0,2,5
CUST_1356,PROD_001,Books,57.63,8.0,,1,8
CUST_1010,PROD_003,Beauty,31.38,6.0,3.0,3,0
CUST_1248,PROD_026,Books,35.77,13.0,7.0,2,20
CUST_1356,PROD_020,Beauty,62.3,6.0,2.0,0,8
CUST_1050,PROD_047,Home & Kitchen,51.47,7.0,5.0,1,0
CUST_1180,PROD_015,Books,29.59,3.0,1.0,0,2
CUST_1119,PROD_009,Sports,68.53,7.0,2.0,1,1
CUST_1218,PROD_027,Home & Kitchen,293.7,10.0,4.0,2,5
CUST_1306,PROD_046,Home & Kitchen,259.15,7.0,2.0,0,2
CUST_1281,PROD_049,Electronics,558.06,6.0,2.0,2,2
CUST_1079,PROD_022,Books,39.04,7.0,2.0,0,1
CUST_1040,PROD_036,Electronics,819.91,9.0,1.0,0,3
CUST_1338,PROD_023,Clothing,59.6,6.0,1.0,0,1
CUST_1195,PROD_034,Books,40.7,9.0,2.0,2,2
CUST_1030,PROD_031,Books,20.87,5.0,3.0,3,1
CUST_1266,PROD_049,Electronics,558.06,13.0,4.0,2,0
CUST_1342,PROD_036,Electronics,819.91,8.0,6.0,2,2
CUST_1173,PROD_009,,68.53,2.0,2.0,1,5
CUST_1058,PROD_010,Books,20.8,12.0,2.0,0,0
CUST_1145,PROD_005,Home & Kitchen,281.19,,1.0,0,1
CUST_1297,PROD_026,Books,35.77,7.0,4.0,3,2
CUST_1334,PROD_043,Electronics,673.49,5.0,2.0,0,5
CUST_1112,PROD_013,Electronics,481.7,17.0,7.0,1,2
CUST_1208,PROD_009,Sports,68.53,5.0,0.0,0,0
CUST_1119,PROD_030,Sports,67.63,6.0,1.0,0,1
CUST_1302,PROD_049,Electronics,558.06,5.0,0.0,0,2
CUST_1398,PROD_044,Books,26.09,8.0,1.0,0,2
CUST_1175,PROD_004,Home & Kitchen,58.99,6.0,2.0,0,1
CUST_1182,PROD_019,Home & Kitchen,279.38,12.0,6.0,3,20
CUST_1106,PROD_004,Home & Kitchen,58.99,5.0,2.0,2,1
CUST_1144,PROD_024,Beauty,39.24,9.0,2.0,0,2
CUST_1125,PROD_034,Books,40.7,4.0,2.0,0,2
CUST_1338,PROD_026,Books,35.77,13.0,7.0,2,1
CUST_1003,PROD_041,Electronics,304.61,2.0,1.0,1,8
CUST_1093,PROD_044,Books,26.09,6.0,4.0,3,12
CUST_1274,PROD_015,Books,,10.0,1.0,0,1
CUST_1320,PROD_040,Books,38.05,26.0,11.0,1,5
CUST_1041,PROD_021,Clothing,143.36,4.0,0.0,0,0
CUST_1202,PROD_023,Clothing,59.6,6.0,1.0,0,2
CUST_1238,PROD_038,Clothing,90.16,9.0,6.0,2,3
CUST_1055,PROD_031,Books,20.87,13.0,8.0,2,12
CUST_1039,PROD_016,Sports,43.57,12.0,6.0,3,0
CUST_1301,PROD_001,Books,57.63,2.0,1.0,0,0
CUST_1375,PROD_010,Books,20.8,2.0,0.0,0,0
CUST_1012,PROD_006,Books,18.86,5.0,3.0,2,8
CUST_1210,PROD_021,Clothing,143.36,11.0,2.0,0,5
CUST_1049,PROD_023,Clothing,59.6,3.0,0.0,0,0
CUST_1054,PROD_005,Home & Kitchen,281.19,5.0,4.0,2,1
CUST_1047,PROD_040,Books,38.05,5.0,3.0,3,20
CUST_1303,PROD_046,Home & Kitchen,259.15,11.0,1.0,0,0
CUST_1248,PROD_026,Books,35.77,12.0,7.0,3,20
CUST_1238,PROD_002,Home & Kitchen,256.11,13.0,2.0,0,3
CUST_1108,PROD_034,Books,40.7,8.0,1.0,0,0
CUST_1312,PROD_042,Beauty,22.83,17.0,8.0,2,2
CUST_1165,PROD_008,Clothing,113.86,2.0,0.0,0,2
CUST_1027,PROD_035,,65.18,8.0,2.0,0,2
CUST_1177,PROD_023,Clothing,59.6,6.0,3.0,1,3
CUST_1010,PROD_003,Beauty,31.38,9.0,3.0,0,0
CUST_1366,PROD_036,Electronics,819.91,8.0,2.0,2,2
CUST_1160,PROD_037,Beauty,55.81,8.0,3.0,3,0
CUST_1343,PROD_039,Clothing,145.48,6.0,1.0,0,1
CUST_1226,PROD_050,Clothing,32.4,4.0,1.0,0,2
CUST_1143,PROD_003,Beauty,31.38,13.0,6.0,1,3
CUST_1057,PROD_047,Home & Kitchen,51.47,12.0,5.0,1,1
CUST_1017,PROD_042,Beauty,22.83,8.0,1.0,0,1
CUST_1360,PROD_021,Clothing,143.36,6.0,2.0,2,2
CUST_1286,PROD_009,Sports,68.53,20.0,7.0,0,2
CUST_1177,PROD_033,Clothing,71.37,11.0,2.0,1,3
CUST_1176,PROD_044,Books,26.09,10.0,6.0,3,3
CUST_1294,PROD_046,Home & Kitchen,259.15,3.0,0.0,0,5
CUST_1368,PROD_002,Home & Kitchen,256.11,10.0,5.0,2,8
CUST_1382,PROD_036,Electronics,819.91,9.0,3.0,0,0
CUST_1066,PROD_007,Home & Kitchen,35.97,7.0,3.0,3,3
CUST_1027,PROD_009,Sports,68.53,5.0,4.0,2,2
CUST_1093,PROD_015,Books,29.59,9.0,4.0,3,12
CUST_1386,PROD_043,Electronics,673.49,10.0,4.0,0,3
CUST_1131,PROD_028,Books,20.75,8.0,4.0,2,0
CUST_1367,PROD_036,Electronics,819.91,3.0,0.0,0,2
CUST_1355,PROD_009,Sports,68.53,8.0,3.0,3,1
CUST_1173,PROD_012,Beauty,60.35,6.0,4.0,0,5
CUST_1249,PROD_040,Books,38.05,2.0,0.0,0,0
CUST_1389,PROD_044,Books,26.09,3.0,0.0,0,3
CUST_1087,PROD_014,Clothing,26.07,19.0,2.0,0,2
CUST_1283,PROD_002,Home & Kitchen,256.11,13.0,3.0,0,1
CUST_1285,PROD_048,Clothing,35.06,8.0,7.0,3,5
CUST_1285,PROD_038,Clothing,90.16,5.0,2.0,1,5
CUST_1061,PROD_043,Electronics,673.49,7.0,4.0,0,2
CUST_1319,PROD_042,Beauty,,12.0,7.0,2,0
CUST_1265,PROD_050,Clothing,32.4,5.0,2.0,2,0
CUST_1315,PROD_003,Beauty,31.38,6.0,5.0,1,1
CUST_1226,PROD_004,Home & Kitchen,58.99,10.0,5.0,1,2
CUST_1132,PROD_009,Sports,68.53,6.0,1.0,0,2
CUST_1378,PROD_036,Electronics,819.91,2.0,1.0,0,0
CUST_1103,PROD_001,Books,57.63,17.0,4.0,0,3
CUST_1374,PROD_048,Clothing,35.06,2.0,0.0,0,1
CUST_1246,PROD_010,Books,20.8,17.0,11.0,2,2
CUST_1279,PROD_016,Sports,43.57,18.0,10.0,2,5
CUST_1156,PROD_006,Books,18.86,3.0,2.0,1,8
CUST_1231,PROD_024,Beauty,39.24,8.0,6.0,2,12
CUST_1316,PROD_015,Books,29.59,4.0,2.0,2,5
CUST_1271,PROD_046,Home & Kitchen,259.15,3.0,0.0,0,5
CUST_1086,PROD_002,Home & Kitchen,256.11,14.0,7.0,2,1
CUST_1290,PROD_007,Home & Kitchen,35.97,,0.0,1,1
CUST_1340,PROD_011,Books,41.36,13.0,4.0,2,2
CUST_1248,PROD_043,Electronics,673.49,7.0,1.0,1,20
CUST_1042,PROD_016,Sports,43.57,12.0,5.0,2,2
CUST_1069,PROD_040,Books,38.05,10.0,9.0,1,0
CUST_1335,PROD_009,Sports,68.53,6.0,2.0,1,1
CUST_1173,PROD_023,Clothing,59.6,6.0,3.0,3,5
CUST_1011,PROD_013,Electronics,481.7,8.0,1.0,1,1
CUST_1201,PROD_003,Beauty,31.38,22.0,14.0,3,2
CUST_1336,PROD_023,Clothing,59.6,2.0,1.0,0,1
CUST_1090,PROD_012,Beauty,60.35,9.0,6.0,1,2
CUST_1343,PROD_015,Books,29.59,16.0,3.0,0,1
CUST_1055,PROD_034,Books,40.7,12.0,6.0,1,12
CUST_1278,PROD_048,Clothing,35.06,5.0,4.0,2,2
CUST_1146,PROD_005,Home & Kitchen,281.19,20.0,6.0,1,3
CUST_1028,PROD_036,Electronics,819.91,7.0,3.0,3,2
CUST_1149,PROD_049,Electronics,558.06,25.0,8.0,2,1
CUST_1032,PROD_013,Electronics,,5.0,1.0,0,1
CUST_1140,PROD_009,Sports,68.53,10.0,2.0,0,0
CUST_1339,PROD_041,Electronics,304.61,15.0,5.0,2,2
CUST_1138,PROD_040,Books,38.05,,0.0,0,0
CUST_1035,PROD_039,Clothing,145.48,5.0,4.0,1,3
CUST_1365,PROD_026,Books,35.77,5.0,1.0,1,1
CUST_1097,PROD_024,Beauty,39.24,5.0,0.0,0,1
CUST_1164,PROD_040,Books,38.05,7.0,,3,0
CUST_1333,PROD_022,Books,39.04,13.0,7.0,0,0
CUST_1181,PROD_016,Sports,43.57,2.0,0.0,0,3
CUST_1047,PROD_022,Books,39.04,8.0,7.0,2,20
CUST_1183,PROD_007,Home & Kitchen,35.97,10.0,3.0,0,1
CUST_1011,PROD_036,Electronics,819.91,8.0,0.0,0,1
CUST_1322,PROD_003,Beauty,31.38,3.0,,1,0
CUST_1245,PROD_019,Home & Kitchen,279.38,7.0,0.0,0,1
CUST_1149,PROD_006,Books,18.86,2.0,0.0,0,1
CUST_1007,PROD_005,Home & Kitchen,,9.0,1.0,0,2
CUST_1073,PROD_043,Electronics,673.49,13.0,,2,0
CUST_1003,PROD_016,Sports,43.57,7.0,2.0,2,8
CUST_1234,PROD_011,Books,41.36,5.0,2.0,1,0
CUST_1241,PROD_050,Clothing,,11.0,6.0,2,12
CUST_1068,PROD_024,Beauty,39.24,28.0,11.0,0,5
CUST_1059,PROD_010,Books,20.8,4.0,1.0,1,3
CUST_1092,PROD_013,Electronics,481.7,6.0,2.0,1,0
CUST_1356,PROD_026,Books,35.77,8.0,4.0,2,8
CUST_1051,PROD_023,Clothing,59.6,6.0,2.0,1,5
CUST_1245,PROD_008,Clothing,113.86,11.0,2.0,0,1
CUST_1259,PROD_013,Electronics,481.7,5.0,1.0,1,5
CUST_1233,PROD_014,Clothing,26.07,6.0,2.0,0,8
CUST_1262,PROD_014,Clothing,26.07,8.0,5.0,1,1
CUST_1055,PROD_031,Books,20.87,13.0,8.0,2,12
CUST_1105,PROD_035,Sports,65.18,5.0,3.0,1,1
CUST_1376,PROD_043,Electronics,673.49,7.0,2.0,0,2
CUST_1005,PROD_021,Clothing,143.36,4.0,0.0,0,5
CUST_1040,PROD_041,Electronics,304.61,11.0,4.0,0,3
CUST_1011,PROD_043,Electronics,673.49,18.0,7.0,1,1
CUST_1298,PROD_048,Clothing,35.06,12.0,5.0,3,3
CUST_1224,PROD_011,Books,41.36,10.0,2.0,0,5
CUST_1371,PROD_012,Beauty,60.35,2.0,0.0,0,2
CUST_1376,PROD_036,Electronics,819.91,11.0,7.0,3,2
CUST_1243,PROD_026,Books,35.77,9.0,4.0,0,1
CUST_1160,PROD_037,Beauty,55.81,7.0,4.0,1,0
CUST_1230,PROD_030,Sports,67.63,8.0,6.0,2,5
CUST_1126,PROD_035,Sports,65.18,8.0,4.0,0,1
CUST_1303,PROD_046,Home & Kitchen,259.15,8.0,3.0,3,0
CUST_1018,PROD_037,,55.81,11.0,4.0,0,8
CUST_1168,PROD_048,Clothing,35.06,5.0,3.0,2,0
CUST_1062,PROD_025,Books,33.13,7.0,1.0,0,1
CUST_1035,PROD_050,Clothing,32.4,9.0,4.0,2,3
CUST_1152,PROD_021,Clothing,143.36,6.0,1.0,1,2
CUST_1381,PROD_003,Beauty,31.38,6.0,2.0,1,3
CUST_1041,PROD_035,Sports,65.18,5.0,2.0,2,0
CUST_1155,PROD_048,Clothing,35.06,28.0,14.0,1,2
CUST_1138,PROD_043,Electronics,673.49,13.0,4.0,0,0
CUST_1364,PROD_044,Books,26.09,4.0,,0,0
CUST_1207,PROD_050,Clothing,32.4,5.0,1.0,0,5
CUST_1313,PROD_046,Home & Kitchen,259.15,3.0,0.0,0,8
CUST_1328,PROD_030,Sports,67.63,24.0,13.0,2,3
CUST_1283,PROD_005,Home & Kitchen,281.19,5.0,2.0,1,1
CUST_1399,PROD_005,Home & Kitchen,281.19,4.0,1.0,0,8
CUST_1303,PROD_005,Home & Kitchen,281.19,10.0,2.0,1,0
CUST_1201,PROD_048,Clothing,35.06,2.0,0.0,0,2
CUST_1281,PROD_043,Electronics,673.49,8.0,5.0,0,2
CUST_1029,PROD_043,Electronics,673.49,5.0,2.0,0,0
CUST_1267,PROD_017,Sports,65.93,6.0,1.0,1,3
CUST_1065,PROD_036,Electronics,819.91,6.0,2.0,0,1
CUST_1203,PROD_042,Beauty,22.83,26.0,17.0,2,3
CUST_1138,PROD_036,Electronics,819.91,11.0,6.0,1,0
CUST_1192,PROD_040,Books,38.05,18.0,12.0,1,12
CUST_1154,PROD_017,Sports,65.93,7.0,4.0,1,3
CUST_1258,PROD_037,Beauty,55.81,6.0,4.0,1,0
CUST_1201,PROD_032,Clothing,120.77,2.0,0.0,0,2
CUST_1210,PROD_041,Electronics,304.61,14.0,5.0,3,5
CUST_1140,PROD_017,Sports,65.93,5.0,3.0,2,0
CUST_1155,PROD_023,Clothing,59.6,16.0,9.0,1,2
CUST_1302,PROD_049,Electronics,558.06,21.0,4.0,0,2
CUST_1271,PROD_048,Clothing,35.06,5.0,1.0,0,5
CUST_1317,PROD_036,Electronics,819.91,8.0,2.0,1,3
CUST_1377,PROD_030,Sports,67.63,8.0,6.0,1,1
CUST_1016,PROD_031,Books,20.87,8.0,1.0,0,8
CUST_1283,PROD_045,Home & Kitchen,87.66,7.0,3.0,2,1
CUST_1165,PROD_008,Clothing,113.86,3.0,1.0,0,2
CUST_1054,PROD_045,Home & Kitchen,87.66,6.0,2.0,0,1
CUST_1174,PROD_038,Clothing,90.16,5.0,4.0,2,1
CUST_1302,PROD_038,Clothing,90.16,2.0,0.0,0,2
CUST_1399,PROD_030,Sports,67.63,12.0,5.0,2,8
CUST_1075,PROD_009,Sports,68.53,6.0,3.0,2,2
CUST_1148,PROD_044,Books,26.09,8.0,6.0,1,0
CUST_1181,PROD_003,Beauty,31.38,7.0,3.0,3,3
CUST_1328,PROD_030,Sports,67.63,5.0,3.0,1,3
CUST_1313,PROD_032,Clothing,120.77,6.0,3.0,1,8
CUST_1073,PROD_043,Electronics,673.49,5.0,2.0,0,0
CUST_1215,PROD_031,Books,20.87,14.0,8.0,2,1
CUST_1137,PROD_043,Electronics,673.49,24.0,10.0,1,3
CUST_1086,PROD_019,Home & Kitchen,279.38,9.0,3.0,2,1
CUST_1182,PROD_007,Home & Kitchen,35.97,13.0,5.0,3,20
CUST_1218,PROD_040,Books,38.05,13.0,8.0,3,5
CUST_1383,PROD_004,Home & Kitchen,58.99,5.0,1.0,0,0
CUST_1103,PROD_017,Sports,65.93,9.0,2.0,0,3
CUST_1341,PROD_043,Electronics,673.49,2.0,0.0,0,2
CUST_1233,PROD_050,Clothing,32.4,13.0,4.0,0,8
CUST_1056,PROD_023,Clothing,59.6,8.0,,0,5
CUST_1390,PROD_039,Clothing,145.48,6.0,4.0,1,8
CUST_1262,PROD_018,Books,40.44,4.0,1.0,1,1
CUST_1350,PROD_034,Books,40.7,7.0,4.0,2,5
CUST_1014,PROD_003,Beauty,31.38,7.0,5.0,3,1
CUST_1320,PROD_011,Books,41.36,6.0,3.0,3,5
CUST_1342,PROD_041,Electronics,304.61,7.0,3.0,2,2
CUST_1006,PROD_037,Beauty,55.81,5.0,3.0,0,2
CUST_1336,PROD_047,Home & Kitchen,51.47,14.0,3.0,0,1
CUST_1070,PROD_011,Books,41.36,5.0,4.0,3,8
CUST_1159,PROD_034,Books,40.7,4.0,0.0,0,2
CUST_1385,PROD_037,Beauty,55.81,6.0,2.0,2,0
CUST_1098,PROD_012,Beauty,60.35,18.0,9.0,1,2
CUST_1325,PROD_032,Clothing,120.77,5.0,1.0,0,3
CUST_1215,PROD_030,Sports,67.63,3.0,1.0,1,1
CUST_1245,PROD_012,Beauty,60.35,10.0,1.0,0,1
CUST_1349,PROD_009,Sports,68.53,10.0,4.0,2,1
CUST_1353,PROD_019,Home & Kitchen,279.38,,3.0,0,0
CUST_1176,PROD_004,Home & Kitchen,,4.0,0.0,0,3
CUST_1029,PROD_043,Electronics,,5.0,3.0,1,0
CUST_1222,PROD_037,Beauty,55.81,13.0,5.0,1,1
CUST_1391,PROD_043,Electronics,673.49,6.0,2.0,2,8
CUST_1351,PROD_030,Sports,67.63,12.0,6.0,1,1
CUST_1243,PROD_031,Books,,33.0,15.0,1,1
CUST_1251,PROD_047,Home & Kitchen,51.47,34.0,11.0,0,2
CUST_1356,PROD_046,Home & Kitchen,259.15,11.0,3.0,3,8
CUST_1097,PROD_042,Beauty,22.83,,4.0,2,1
CUST_1209,PROD_012,Beauty,60.35,5.0,1.0,0,1
CUST_1115,PROD_031,Books,20.87,18.0,8.0,3,3
CUST_1111,PROD_008,Clothing,113.86,10.0,4.0,3,5
CUST_1318,PROD_017,Sports,65.93,5.0,1.0,0,0
CUST_1069,PROD_001,Books,57.63,5.0,2.0,0,0
CUST_1013,PROD_012,Beauty,60.35,21.0,11.0,1,2
CUST_1220,PROD_050,Clothing,32.4,16.0,8.0,1,8
CUST_1399,PROD_031,Books,20.87,2.0,1.0,1,8
CUST_1140,PROD_017,Sports,65.93,7.0,5.0,1,0
CUST_1153,PROD_044,Books,26.09,9.0,5.0,3,0
CUST_1006,PROD_033,Clothing,71.37,14.0,2.0,0,2
CUST_1066,PROD_027,Home & Kitchen,293.7,6.0,1.0,0,3
CUST_1129,PROD_049,Electronics,558.06,3.0,0.0,0,1
CUST_1189,PROD_017,Sports,65.93,14.0,1.0,0,5
CUST_1245,PROD_033,Clothing,71.37,10.0,4.0,1,1
CUST_1163,PROD_031,Books,,5.0,1.0,1,1
CUST_1313,PROD_038,Clothing,90.16,11.0,5.0,1,8
CUST_1206,PROD_010,,20.8,5.0,2.0,0,5
CUST_1067,PROD_007,Home & Kitchen,35.97,9.0,6.0,1,5
CUST_1289,PROD_050,Clothing,32.4,10.0,1.0,0,0
CUST_1211,PROD_019,Home & Kitchen,279.38,5.0,0.0,0,0
CUST_1057,PROD_005,,281.19,8.0,4.0,2,1
CUST_1155,PROD_038,Clothing,90.16,11.0,7.0,2,2
CUST_1053,PROD_002,Home & Kitchen,256.11,6.0,5.0,3,3
CUST_1055,PROD_035,Sports,65.18,,5.0,2,12
CUST_1145,PROD_002,Home & Kitchen,256.11,6.0,2.0,0,1
CUST_1128,PROD_032,Clothing,120.77,17.0,5.0,0,5
CUST_1347,PROD_037,Beauty,55.81,10.0,9.0,3,8
CUST_1320,PROD_023,Clothing,59.6,14.0,2.0,0,5
CUST_1197,PROD_009,Sports,68.53,11.0,4.0,0,1
CUST_1369,PROD_049,Electronics,558.06,6.0,0.0,0,2
CUST_1145,PROD_039,,145.48,9.0,1.0,0,1
CUST_1015,PROD_033,Clothing,71.37,5.0,2.0,0,3
CUST_1088,PROD_008,Clothing,113.86,8.0,1.0,0,3
CUST_1298,PROD_014,Clothing,26.07,12.0,5.0,2,3
CUST_1154,PROD_035,Sports,65.18,5.0,2.0,1,3
CUST_1015,PROD_007,Home & Kitchen,35.97,8.0,5.0,1,3
CUST_1005,PROD_014,Clothing,26.07,6.0,1.0,0,5
CUST_1003,PROD_035,Sports,65.18,8.0,4.0,1,8
CUST_1103,PROD_038,Clothing,90.16,4.0,1.0,0,3
CUST_1383,PROD_007,Home & Kitchen,35.97,7.0,2.0,1,0
CUST_1168,PROD_032,Clothing,120.77,,5.0,1,0
CUST_1338,PROD_029,Books,26.96,9.0,2.0,0,1
CUST_1194,PROD_018,Books,40.44,6.0,5.0,3,12
CUST_1095,PROD_009,Sports,68.53,5.0,4.0,3,1
CUST_1251,PROD_018,Books,40.44,17.0,8.0,3,2
CUST_1287,PROD_048,Clothing,35.06,6.0,4.0,1,1
CUST_1077,PROD_031,Books,20.87,,0.0,0,0
CUST_1142,PROD_020,,62.3,20.0,7.0,3,3
CUST_1399,PROD_035,Sports,65.18,9.0,4.0,3,8
CUST_1221,PROD_027,Home & Kitchen,293.7,4.0,0.0,0,2
CUST_1320,PROD_018,Books,40.44,12.0,3.0,0,5
CUST_1188,PROD_041,Electronics,304.61,,,2,2
CUST_1396,PROD_013,Electronics,481.7,6.0,2.0,2,1
CUST_1290,PROD_023,Clothing,59.6,5.0,1.0,1,1
CUST_1048,PROD_030,Sports,67.63,28.0,12.0,1,2
CUST_1193,PROD_045,Home & Kitchen,87.66,6.0,5.0,3,0
CUST_1336,PROD_036,Electronics,819.91,7.0,0.0,0,1
CUST_1041,PROD_007,Home & Kitchen,35.97,8.0,3.0,2,0
CUST_1045,PROD_046,Home & Kitchen,259.15,6.0,1.0,0,1
CUST_1230,PROD_003,Beauty,31.38,2.0,1.0,1,5
CUST_1145,PROD_027,Home & Kitchen,293.7,7.0,4.0,1,1
CUST_1309,PROD_016,Sports,,4.0,0.0,0,1
CUST_1171,PROD_042,Beauty,22.83,12.0,4.0,0,2
CUST_1178,PROD_042,Beauty,22.83,12.0,6.0,0,0
CUST_1002,PROD_019,Home & Kitchen,279.38,5.0,0.0,0,2
CUST_1322,PROD_010,Books,20.8,5.0,3.0,2,0
CUST_1110,PROD_012,Beauty,60.35,6.0,4.0,3,1
CUST_1367,PROD_048,Clothing,35.06,2.0,0.0,0,2
CUST_1181,PROD_003,Beauty,31.38,11.0,7.0,1,3
CUST_1227,PROD_016,Sports,43.57,11.0,6.0,0,1
CUST_1016,PROD_015,Books,29.59,5.0,2.0,1,8
CUST_1095,PROD_009,Sports,68.53,7.0,4.0,3,1
CUST_1369,PROD_017,Sports,65.93,3.0,0.0,0,2
CUST_1102,PROD_039,Clothing,145.48,7.0,2.0,0,2
CUST_1024,PROD_049,Electronics,558.06,10.0,4.0,1,3
CUST_1221,PROD_005,Home & Kitchen,281.19,8.0,1.0,0,2
CUST_1042,PROD_015,Books,29.59,9.0,3.0,0,2
CUST_1149,PROD_043,Electronics,673.49,8.0,1.0,0,1
CUST_1384,PROD_030,Sports,67.63,8.0,4.0,2,0
CUST_1246,PROD_043,Electronics,673.49,3.0,0.0,0,2
CUST_1269,PROD_030,Sports,67.63,5.0,3.0,2,8
CUST_1275,PROD_015,Books,29.59,6.0,1.0,0,1
CUST_1325,PROD_041,Electronics,304.61,8.0,1.0,0,3
CUST_1121,PROD_012,Beauty,60.35,6.0,3.0,2,5
CUST_1342,PROD_036,Electronics,819.91,9.0,3.0,1,2
CUST_1149,PROD_046,Home & Kitchen,259.15,8.0,1.0,0,1
CUST_1329,PROD_044,Books,26.09,5.0,3.0,3,0
CUST_1047,PROD_028,Books,20.75,12.0,7.0,3,20
CUST_1293,PROD_005,Home & Kitchen,281.19,22.0,3.0,2,5
CUST_1333,PROD_006,Books,18.86,5.0,4.0,3,0
CUST_1396,PROD_026,Books,35.77,4.0,0.0,0,1
CUST_1321,PROD_043,Electronics,673.49,7.0,3.0,3,2
CUST_1327,PROD_021,Clothing,143.36,2.0,0.0,0,3
CUST_1304,PROD_028,Books,,5.0,2.0,2,0
CUST_1233,PROD_029,Books,26.96,5.0,2.0,0,8
CUST_1187,PROD_004,Home & Kitchen,58.99,13.0,5.0,2,0
CUST_1100,PROD_024,Beauty,39.24,9.0,5.0,2,1
CUST_1206,PROD_049,Electronics,558.06,6.0,,0,5
CUST_1113,PROD_018,Books,,5.0,2.0,2,2
CUST_1271,PROD_002,Home & Kitchen,256.11,4.0,1.0,0,5
CUST_1173,PROD_042,Beauty,22.83,5.0,2.0,1,5
CUST_1241,PROD_039,Clothing,145.48,8.0,3.0,1,12
CUST_1034,PROD_010,Books,20.8,14.0,9.0,3,1
CUST_1306,PROD_031,Books,20.87,4.0,2.0,2,2
CUST_1119,PROD_030,Sports,67.63,7.0,4.0,3,1
CUST_1162,PROD_045,Home & Kitchen,87.66,5.0,3.0,2,5
CUST_1176,PROD_022,Books,39.04,8.0,3.0,0,3
CUST_1137,PROD_013,Electronics,481.7,5.0,4.0,3,3
CUST_1217,PROD_048,Clothing,35.06,2.0,0.0,0,1
CUST_1009,PROD_008,Clothing,113.86,11.0,5.0,2,0
CUST_1376,PROD_024,Beauty,39.24,16.0,1.0,0,2
CUST_1238,PROD_015,,29.59,2.0,1.0,0,3
CUST_1377,PROD_016,Sports,43.57,8.0,5.0,2,1
CUST_1221,PROD_017,Sports,65.93,15.0,6.0,3,2
CUST_1052,PROD_017,Sports,65.93,13.0,2.0,0,3
CUST_1134,PROD_019,Home & Kitchen,279.38,5.0,1.0,0,1
CUST_1197,PROD_029,Books,26.96,9.0,5.0,1,1
CUST_1032,PROD_044,Books,26.09,3.0,0.0,0,1
CUST_1016,PROD_026,Books,35.77,9.0,6.0,3,8
CUST_1195,PROD_029,Books,26.96,7.0,6.0,2,2
CUST_1230,PROD_016,Sports,43.57,9.0,8.0,2,5
CUST_1384,PROD_030,Sports,67.63,9.0,2.0,0,0
CUST_1283,PROD_002,Home & Kitchen,256.11,6.0,1.0,1,1
CUST_1092,PROD_043,Electronics,673.49,5.0,1.0,1,0
CUST_1333,PROD_039,Clothing,145.48,2.0,0.0,0,0
CUST_1368,PROD_005,Home & Kitchen,281.19,5.0,,0,8
CUST_1118,PROD_044,Books,26.09,8.0,5.0,0,2
CUST_1398,PROD_002,Home & Kitchen,256.11,19.0,9.0,2,2
CUST_1029,PROD_041,Electronics,304.61,7.0,3.0,3,0
CUST_1221,PROD_035,Sports,65.18,15.0,5.0,3,2
CUST_1376,PROD_036,Electronics,819.91,11.0,5.0,0,2
CUST_1125,PROD_037,Beauty,55.81,5.0,0.0,0,2
CUST_1220,PROD_028,Books,20.75,16.0,5.0,2,8
CUST_1251,PROD_026,Books,35.77,8.0,6.0,1,2
CUST_1293,PROD_008,Clothing,113.86,12.0,4.0,3,5
CUST_1318,PROD_014,Clothing,26.07,7.0,0.0,0,0
CUST_1229,PROD_049,Electronics,558.06,7.0,5.0,3,1
CUST_1119,PROD_016,Sports,43.57,9.0,5.0,3,1
CUST_1086,PROD_046,Home & Kitchen,259.15,7.0,2.0,0,1
CUST_1265,PROD_021,Clothing,143.36,6.0,5.0,2,0
CUST_1225,PROD_049,,558.06,5.0,1.0,1,3
CUST_1080,PROD_047,Home & Kitchen,51.47,9.0,9.0,3,3
CUST_1131,PROD_040,Books,38.05,5.0,2.0,2,0
CUST_1014,PROD_012,Beauty,60.35,6.0,2.0,1,1
CUST_1337,PROD_042,Beauty,22.83,7.0,4.0,2,2
CUST_1005,PROD_049,Electronics,558.06,3.0,1.0,0,5
CUST_1347,PROD_042,Beauty,22.83,7.0,2.0,2,8
CUST_1050,PROD_005,Home & Kitchen,281.19,10.0,1.0,1,0
CUST_1013,PROD_042,,22.83,7.0,3.0,3,2
CUST_1399,PROD_015,Books,,5.0,3.0,3,8
CUST_1174,PROD_021,Clothing,143.36,6.0,3.0,3,1
CUST_1236,PROD_012,Beauty,60.35,6.0,3.0,0,2
CUST_1198,PROD_005,Home & Kitchen,281.19,5.0,2.0,2,0
CUST_1177,PROD_036,Electronics,819.91,5.0,0.0,0,3
CUST_1093,PROD_028,Books,20.75,15.0,9.0,2,12
CUST_1362,PROD_050,Clothing,32.4,7.0,3.0,0,0
CUST_1075,PROD_016,Sports,43.57,12.0,4.0,3,2
CUST_1091,PROD_001,Books,57.63,6.0,2.0,0,0
CUST_1178,PROD_024,Beauty,39.24,7.0,3.0,1,0
CUST_1010,PROD_004,Home & Kitchen,58.99,4.0,0.0,0,0
CUST_1123,PROD_010,Books,20.8,8.0,5.0,1,0
CUST_1140,PROD_035,Sports,65.18,16.0,6.0,3,0
CUST_1242,PROD_035,Sports,65.18,5.0,1.0,1,2
CUST_1390,PROD_044,Books,26.09,9.0,2.0,0,8
CUST_1014,PROD_012,Beauty,60.35,6.0,4.0,3,1
CUST_1397,PROD_006,Books,18.86,3.0,0.0,0,2
CUST_1399,PROD_008,Clothing,113.86,18.0,4.0,0,8
CUST_1334,PROD_022,Books,39.04,,1.0,1,5
CUST_1178,PROD_024,Beauty,39.24,8.0,3.0,2,0
CUST_1136,PROD_003,Beauty,31.38,5.0,2.0,0,0
CUST_1098,PROD_030,Sports,67.63,7.0,1.0,0,2
CUST_1177,PROD_029,Books,26.96,10.0,1.0,0,3
CUST_1125,PROD_024,Beauty,39.24,7.0,2.0,0,2
CUST_1082,PROD_009,Sports,68.53,2.0,0.0,0,1
CUST_1242,PROD_016,Sports,43.57,5.0,2.0,2,2
CUST_1126,PROD_041,Electronics,304.61,12.0,3.0,3,1
CUST_1002,PROD_048,Clothing,35.06,2.0,0.0,0,2
CUST_1146,PROD_019,Home & Kitchen,279.38,9.0,4.0,3,3
CUST_1236,PROD_043,Electronics,673.49,9.0,2.0,0,2
CUST_1233,PROD_050,Clothing,32.4,13.0,4.0,0,8
CUST_1390,PROD_046,Home & Kitchen,259.15,2.0,1.0,1,8
CUST_1072,PROD_017,Sports,65.93,6.0,0.0,0,12
CUST_1296,PROD_048,Clothing,35.06,9.0,2.0,2,5
CUST_1323,PROD_030,Sports,67.63,10.0,3.0,0,1
CUST_1170,PROD_035,Sports,65.18,26.0,14.0,0,0
CUST_1188,PROD_011,Books,41.36,5.0,0.0,0,2
CUST_1073,PROD_041,Electronics,304.61,5.0,0.0,0,0
CUST_1207,PROD_044,Books,26.09,5.0,2.0,2,5
CUST_1273,PROD_045,Home & Kitchen,87.66,6.0,1.0,0,0
CUST_1029,PROD_030,Sports,67.63,11.0,2.0,0,0
CUST_1174,PROD_009,Sports,68.53,3.0,1.0,1,1
CUST_1220,PROD_022,Books,39.04,5.0,2.0,0,8
CUST_1279,PROD_047,Home & Kitchen,51.47,8.0,0.0,0,5
CUST_1292,PROD_028,Books,20.75,8.0,0.0,0,1
CUST_1258,PROD_042,Beauty,22.83,5.0,2.0,2,0
CUST_1236,PROD_006,Books,18.86,3.0,0.0,0,2
CUST_1302,PROD_043,Electronics,673.49,11.0,2.0,1,2
CUST_1346,PROD_004,Home & Kitchen,58.99,6.0,2.0,2,20
CUST_1337,PROD_043,Electronics,673.49,6.0,0.0,0,2
CUST_1010,PROD_024,Beauty,39.24,7.0,2.0,2,0
CUST_1237,PROD_041,Electronics,304.61,5.0,4.0,1,0
CUST_1190,PROD_012,Beauty,60.35,10.0,3.0,1,1
CUST_1261,PROD_022,Books,39.04,2.0,0.0,0,1
CUST_1049,PROD_013,Electronics,481.7,22.0,10.0,0,0
CUST_1098,PROD_037,,55.81,,1.0,0,2
CUST_1044,PROD_027,Home & Kitchen,293.7,3.0,0.0,0,0
CUST_1126,PROD_003,Beauty,31.38,10.0,5.0,2,1
CUST_1279,PROD_009,Sports,68.53,7.0,4.0,1,5
CUST_1011,PROD_041,Electronics,304.61,24.0,7.0,3,1
CUST_1338,PROD_013,Electronics,481.7,4.0,0.0,0,1
CUST_1106,PROD_004,Home & Kitchen,58.99,13.0,7.0,3,1
CUST_1269,PROD_016,Sports,43.57,13.0,7.0,3,8
CUST_1392,PROD_039,Clothing,145.48,23.0,2.0,0,3
CUST_1362,PROD_040,Books,38.05,,0.0,0,0
CUST_1019,PROD_011,Books,41.36,,3.0,0,0
CUST_1245,PROD_022,Books,39.04,11.0,1.0,0,1
CUST_1149,PROD_043,Electronics,673.49,14.0,4.0,1,1
CUST_1248,PROD_011,Books,41.36,14.0,10.0,3,20
CUST_1167,PROD_036,Electronics,819.91,7.0,3.0,1,12
CUST_1244,PROD_032,Clothing,120.77,8.0,4.0,3,0
CUST_1099,PROD_040,Books,38.05,5.0,2.0,0,5
CUST_1072,PROD_030,Sports,67.63,20.0,13.0,3,12
CUST_1143,PROD_003,Beauty,31.38,13.0,7.0,2,3
CUST_1337,PROD_048,Clothing,35.06,4.0,1.0,0,2
CUST_1002,PROD_048,Clothing,35.06,5.0,0.0,0,2
CUST_1358,PROD_019,Home & Kitchen,279.38,4.0,,0,0
CUST_1061,PROD_049,Electronics,558.06,9.0,3.0,0,2
CUST_1180,PROD_043,Electronics,673.49,,6.0,0,2
CUST_1111,PROD_017,Sports,65.93,5.0,3.0,0,5
CUST_1349,PROD_020,Beauty,62.3,4.0,1.0,1,1
CUST_1384,PROD_004,Home & Kitchen,58.99,2.0,0.0,0,0
CUST_1212,PROD_020,Beauty,62.3,14.0,6.0,2,0
CUST_1291,PROD_017,Sports,,8.0,,0,2
CUST_1086,PROD_029,Books,26.96,12.0,1.0,0,1
CUST_1092,PROD_043,Electronics,673.49,5.0,1.0,0,0
CUST_1253,PROD_007,Home & Kitchen,35.97,11.0,6.0,2,5
CUST_1333,PROD_048,Clothing,35.06,6.0,1.0,0,0
CUST_1026,PROD_049,Electronics,558.06,10.0,3.0,0,1
CUST_1262,PROD_038,Clothing,90.16,6.0,4.0,1,1
CUST_1029,PROD_014,Clothing,26.07,6.0,0.0,0,0
CUST_1297,PROD_022,Books,39.04,6.0,2.0,0,2
CUST_1114,PROD_043,Electronics,673.49,5.0,2.0,1,3
CUST_1146,PROD_045,Home & Kitchen,87.66,14.0,6.0,2,3
CUST_1387,PROD_022,Books,39.04,7.0,4.0,2,0
CUST_1139,PROD_027,Home & Kitchen,293.7,7.0,0.0,0,2
CUST_1301,PROD_037,Beauty,55.81,6.0,1.0,0,0
CUST_1368,PROD_047,Home & Kitchen,51.47,6.0,3.0,1,8
CUST_1231,PROD_010,Books,20.8,3.0,1.0,0,12
CUST_1286,PROD_009,Sports,68.53,5.0,2.0,2,2
CUST_1387,PROD_020,Beauty,62.3,5.0,1.0,0,0
CUST_1147,PROD_041,Electronics,304.61,8.0,1.0,0,1
CUST_1136,PROD_012,Beauty,60.35,22.0,9.0,2,0
CUST_1103,PROD_039,Clothing,145.48,2.0,0.0,0,3
CUST_1311,PROD_003,Beauty,31.38,12.0,5.0,3,2
CUST_1190,PROD_035,Sports,65.18,6.0,5.0,3,1
CUST_1326,PROD_017,Sports,65.93,8.0,2.0,0,0
CUST_1374,PROD_034,Books,40.7,7.0,5.0,1,1
CUST_1026,PROD_043,Electronics,673.49,13.0,9.0,2,1
CUST_1222,PROD_003,Beauty,31.38,8.0,2.0,0,1
CUST_1367,PROD_009,Sports,68.53,12.0,7.0,3,2
CUST_1018,PROD_024,Beauty,39.24,7.0,5.0,3,8
CUST_1373,PROD_028,Books,20.75,6.0,1.0,1,3
CUST_1380,PROD_040,Books,38.05,9.0,2.0,0,1
CUST_1296,PROD_039,,145.48,5.0,3.0,1,5
CUST_1029,PROD_043,Electronics,673.49,5.0,0.0,0,0
CUST_1174,PROD_047,Home & Kitchen,51.47,4.0,3.0,1,1
CUST_1182,PROD_046,Home & Kitchen,259.15,8.0,4.0,3,20
CUST_1377,PROD_017,Sports,65.93,,5.0,1,1
CUST_1208,PROD_030,Sports,67.63,9.0,7.0,3,0
CUST_1078,PROD_009,Sports,68.53,5.0,3.0,3,1
CUST_1297,PROD_015,Books,29.59,10.0,7.0,0,2
CUST_1334,PROD_004,Home & Kitchen,58.99,2.0,1.0,0,5
CUST_1191,PROD_004,Home & Kitchen,58.99,5.0,3.0,1,1
CUST_1379,PROD_012,Beauty,,8.0,7.0,3,5
CUST_1321,PROD_049,Electronics,558.06,7.0,0.0,0,2
CUST_1273,PROD_045,Home & Kitchen,,9.0,2.0,1,0
CUST_1079,PROD_037,Beauty,55.81,2.0,0.0,0,1
CUST_1007,PROD_017,Sports,65.93,6.0,4.0,3,2
CUST_1375,PROD_025,Books,33.13,,1.0,1,0
CUST_1213,PROD_019,Home & Kitchen,279.38,6.0,0.0,0,2
CUST_1358,PROD_032,Clothing,120.77,2.0,0.0,0,0
CUST_1213,PROD_019,Home & Kitchen,279.38,6.0,2.0,2,2
CUST_1074,PROD_020,Beauty,62.3,5.0,,2,2
CUST_1219,PROD_016,Sports,43.57,5.0,3.0,2,3
CUST_1356,PROD_005,Home & Kitchen,281.19,14.0,4.0,3,8
CUST_1060,PROD_008,Clothing,113.86,13.0,2.0,0,0
CUST_1224,PROD_018,Books,40.44,6.0,1.0,0,5
CUST_1199,PROD_015,Books,29.59,5.0,0.0,1,5
CUST_1179,PROD_004,Home & Kitchen,58.99,5.0,1.0,0,5
CUST_1005,PROD_018,Books,40.44,32.0,11.0,0,5
CUST_1153,PROD_022,,39.04,8.0,4.0,3,0
CUST_1237,PROD_041,Electronics,304.61,14.0,3.0,0,0
CUST_1156,PROD_009,Sports,68.53,12.0,3.0,0,8
CUST_1331,PROD_004,Home & Kitchen,58.99,,3.0,3,1
CUST_1060,PROD_030,Sports,67.63,3.0,0.0,0,0
CUST_1044,PROD_031,Books,20.87,6.0,4.0,2,0
CUST_1390,PROD_033,Clothing,71.37,5.0,1.0,1,8
CUST_1138,PROD_042,Beauty,22.83,5.0,2.0,0,0
CUST_1158,PROD_024,,39.24,6.0,1.0,1,8
CUST_1344,PROD_017,Sports,65.93,12.0,7.0,3,8
CUST_1323,PROD_017,Sports,65.93,,5.0,3,1
CUST_1381,PROD_003,Beauty,31.38,6.0,4.0,1,3
CUST_1214,PROD_012,Beauty,60.35,13.0,8.0,0,1
CUST_1061,PROD_043,Electronics,673.49,19.0,5.0,1,2
CUST_1304,PROD_012,Beauty,,2.0,1.0,1,0
CUST_1288,PROD_032,Clothing,120.77,8.0,5.0,3,3
CUST_1202,PROD_017,Sports,65.93,8.0,3.0,1,2
CUST_1275,PROD_022,Books,39.04,6.0,1.0,1,1
CUST_1028,PROD_036,Electronics,819.91,9.0,1.0,0,2
CUST_1313,PROD_023,Clothing,59.6,7.0,3.0,2,8
CUST_1213,PROD_027,Home & Kitchen,293.7,5.0,1.0,1,2
CUST_1046,PROD_009,Sports,68.53,8.0,3.0,0,1
CUST_1225,PROD_043,Electronics,673.49,11.0,,0,3
CUST_1237,PROD_049,Electronics,558.06,5.0,,0,0
CUST_1332,PROD_043,Electronics,673.49,10.0,3.0,1,3
CUST_1299,PROD_045,Home & Kitchen,87.66,4.0,2.0,2,1
CUST_1316,PROD_017,Sports,65.93,4.0,0.0,0,5
CUST_1278,PROD_012,Beauty,60.35,7.0,1.0,0,2
CUST_1248,PROD_044,Books,26.09,5.0,3.0,3,20
CUST_1041,PROD_009,Sports,68.53,8.0,3.0,2,0
CUST_1260,PROD_008,Clothing,113.86,10.0,7.0,1,20
CUST_1180,PROD_036,Electronics,819.91,5.0,0.0,0,2
CUST_1082,PROD_026,Books,35.77,3.0,0.0,0,1
CUST_1360,PROD_031,Books,20.87,4.0,1.0,1,2
CUST_1007,PROD_030,Sports,67.63,,2.0,1,2
CUST_1107,PROD_038,Clothing,90.16,6.0,3.0,1,3
CUST_1055,PROD_035,Sports,65.18,3.0,1.0,1,12
CUST_1167,PROD_041,Electronics,304.61,7.0,4.0,3,12
CUST_1039,PROD_017,Sports,65.93,5.0,4.0,2,0
CUST_1191,PROD_027,Home & Kitchen,293.7,8.0,1.0,1,1
CUST_1260,PROD_022,Books,39.04,16.0,2.0,0,20
CUST_1301,PROD_046,Home & Kitchen,259.15,7.0,1.0,1,0
CUST_1378,PROD_030,Sports,67.63,9.0,5.0,0,0
CUST_1344,PROD_017,Sports,65.93,17.0,11.0,3,8
CUST_1068,PROD_021,Clothing,,12.0,1.0,1,5
CUST_1066,PROD_032,Clothing,120.77,6.0,0.0,0,3
CUST_1104,PROD_030,Sports,67.63,9.0,4.0,3,0
CUST_1016,PROD_015,,29.59,8.0,4.0,3,8
CUST_1113,PROD_031,Books,20.87,11.0,6.0,0,2
CUST_1160,PROD_020,Beauty,62.3,6.0,3.0,3,0
CUST_1167,PROD_049,Electronics,558.06,8.0,1.0,1,12
CUST_1109,PROD_035,Sports,65.18,16.0,11.0,2,1
CUST_1012,PROD_015,Books,29.59,22.0,14.0,1,8
CUST_1126,PROD_042,Beauty,22.83,10.0,4.0,2,1
CUST_1362,PROD_020,Beauty,62.3,7.0,2.0,1,0
CUST_1371,PROD_021,Clothing,143.36,16.0,8.0,3,2
CUST_1297,PROD_029,Books,26.96,8.0,3.0,1,2
CUST_1284,PROD_003,Beauty,31.38,6.0,3.0,3,3
CUST_1260,PROD_048,,35.06,15.0,10.0,2,20
CUST_1103,PROD_016,Sports,43.57,14.0,6.0,3,3
CUST_1322,PROD_029,Books,26.96,10.0,4.0,3,0
CUST_1314,PROD_008,Clothing,113.86,19.0,3.0,0,2
CUST_1198,PROD_027,Home & Kitchen,293.7,22.0,5.0,0,0
CUST_1364,PROD_005,Home & Kitchen,281.19,5.0,1.0,0,0
CUST_1357,PROD_009,Sports,68.53,11.0,8.0,0,12
CUST_1013,PROD_020,Beauty,,5.0,3.0,2,2
CUST_1034,PROD_017,Sports,65.93,5.0,2.0,0,1
CUST_1109,PROD_016,Sports,43.57,16.0,7.0,2,1
CUST_1071,PROD_015,Books,29.59,9.0,3.0,0,2
CUST_1160,PROD_037,Beauty,55.81,13.0,4.0,3,0
CUST_1159,PROD_034,Books,40.7,5.0,1.0,1,2
CUST_1279,PROD_016,Sports,43.57,16.0,9.0,2,5
CUST_1035,PROD_021,Clothing,143.36,5.0,3.0,2,3
CUST_1313,PROD_048,Clothing,35.06,5.0,4.0,3,8
CUST_1009,PROD_050,Clothing,32.4,5.0,0.0,0,0
CUST_1108,PROD_041,Electronics,304.61,14.0,4.0,0,0
CUST_1398,PROD_009,Sports,68.53,4.0,1.0,0,2
CUST_1299,PROD_007,Home & Kitchen,35.97,8.0,1.0,1,1
CUST_1087,PROD_037,Beauty,55.81,13.0,9.0,2,2
CUST_1396,PROD_041,Electronics,304.61,29.0,11.0,3,1
CUST_1377,PROD_025,Books,33.13,2.0,0.0,0,1
CUST_1155,PROD_050,Clothing,32.4,12.0,7.0,3,2
CUST_1068,PROD_035,Sports,65.18,5.0,2.0,2,5
CUST_1051,PROD_011,Books,41.36,22.0,7.0,2,5
CUST_1064,PROD_003,Beauty,31.38,9.0,3.0,1,8
CUST_1166,PROD_037,Beauty,55.81,5.0,2.0,2,3
CUST_1293,PROD_038,Clothing,90.16,8.0,5.0,2,5
CUST_1074,PROD_035,Sports,65.18,6.0,2.0,2,2
CUST_1099,PROD_026,Books,35.77,11.0,5.0,1,5
CUST_1209,PROD_037,Beauty,55.81,5.0,3.0,2,1
CUST_1285,PROD_032,Clothing,120.77,7.0,4.0,3,5
CUST_1368,PROD_015,Books,29.59,6.0,1.0,0,8
CUST_1386,PROD_043,Electronics,673.49,14.0,3.0,0,3
CUST_1231,PROD_022,Books,39.04,5.0,3.0,3,12
CUST_1296,PROD_002,Home & Kitchen,256.11,12.0,0.0,0,5
CUST_1216,PROD_049,Electronics,558.06,8.0,3.0,0,2
CUST_1092,PROD_045,Home & Kitchen,87.66,8.0,2.0,0,0
CUST_1070,PROD_035,Sports,65.18,17.0,3.0,0,8
CUST_1266,PROD_040,Books,38.05,3.0,1.0,0,0
CUST_1260,PROD_023,Clothing,59.6,7.0,3.0,3,20
CUST_1269,PROD_035,Sports,65.18,16.0,6.0,2,8
CUST_1218,PROD_040,Books,38.05,9.0,,0,5
CUST_1269,PROD_034,Books,40.7,2.0,0.0,0,8
CUST_1265,PROD_033,Clothing,71.37,5.0,,3,0
CUST_1361,PROD_033,Clothing,71.37,6.0,6.0,3,1
CUST_1179,PROD_043,Electronics,673.49,7.0,0.0,0,5
CUST_1336,PROD_040,Books,38.05,5.0,2.0,2,1
CUST_1278,PROD_007,Home & Kitchen,35.97,11.0,1.0,0,2
CUST_1320,PROD_021,Clothing,143.36,6.0,0.0,0,5
CUST_1166,PROD_042,Beauty,22.83,16.0,10.0,2,3
CUST_1188,PROD_013,Electronics,481.7,9.0,4.0,3,2
CUST_1049,PROD_043,Electronics,673.49,5.0,1.0,0,0
CUST_1335,PROD_038,Clothing,,2.0,0.0,0,1
CUST_1159,PROD_045,Home & Kitchen,87.66,11.0,0.0,0,2
CUST_1313,PROD_008,Clothing,113.86,6.0,2.0,1,8
CUST_1161,PROD_032,Clothing,120.77,20.0,6.0,1,0
CUST_1123,PROD_011,Books,41.36,6.0,1.0,1,0
CUST_1061,PROD_013,,481.7,12.0,6.0,2,2
CUST_1065,PROD_049,Electronics,558.06,5.0,3.0,3,1
CUST_1276,PROD_013,Electronics,481.7,8.0,4.0,3,3
CUST_1059,PROD_035,Sports,65.18,11.0,3.0,1,3
CUST_1136,PROD_012,Beauty,60.35,14.0,6.0,2,0
CUST_1043,PROD_016,Sports,43.57,10.0,3.0,3,1
CUST_1140,PROD_016,Sports,43.57,5.0,3.0,3,0
CUST_1113,PROD_001,Books,,7.0,4.0,1,2
CUST_1380,PROD_029,Books,26.96,6.0,5.0,1,1
CUST_1192,PROD_040,Books,38.05,8.0,5.0,2,12
CUST_1123,PROD_013,Electronics,481.7,5.0,0.0,0,0
CUST_1395,PROD_041,Electronics,304.61,23.0,6.0,1,1
CUST_1167,PROD_032,Clothing,120.77,5.0,3.0,3,12
CUST_1126,PROD_042,Beauty,22.83,7.0,5.0,2,1
CUST_1204,PROD_024,Beauty,39.24,12.0,5.0,3,1
CUST_1118,PROD_040,Books,38.05,20.0,9.0,0,2
CUST_1237,PROD_041,Electronics,304.61,8.0,3.0,0,0
CUST_1307,PROD_019,Home & Kitchen,279.38,6.0,0.0,0,2
CUST_1346,PROD_004,Home & Kitchen,58.99,9.0,7.0,3,20
CUST_1265,PROD_039,Clothing,145.48,6.0,2.0,1,0
CUST_1117,PROD_044,Books,26.09,7.0,5.0,3,8
CUST_1143,PROD_028,Books,20.75,3.0,1.0,0,3
CUST_1149,PROD_036,Electronics,819.91,8.0,1.0,1,1
CUST_1134,PROD_003,Beauty,31.38,2.0,1.0,1,1
CUST_1006,PROD_042,Beauty,22.83,5.0,2.0,1,2
CUST_1119,PROD_037,Beauty,55.81,4.0,1.0,0,1
CUST_1210,PROD_043,Electronics,673.49,7.0,3.0,1,5
CUST_1029,PROD_013,Electronics,481.7,6.0,2.0,0,0
CUST_1124,PROD_017,Sports,65.93,11.0,5.0,3,2
CUST_1379,PROD_026,Books,35.77,4.0,1.0,1,5
CUST_1174,PROD_028,Books,20.75,12.0,3.0,3,1
CUST_1293,PROD_005,Home & Kitchen,281.19,22.0,3.0,2,5
CUST_1369,PROD_037,Beauty,55.81,12.0,5.0,0,2
CUST_1073,PROD_019,Home & Kitchen,279.38,8.0,1.0,0,0
CUST_1051,PROD_037,Beauty,55.81,13.0,7.0,0,5
CUST_1083,PROD_009,Sports,68.53,9.0,7.0,1,1
CUST_1346,PROD_046,Home & Kitchen,259.15,7.0,1.0,1,20
CUST_1328,PROD_027,Home & Kitchen,293.7,17.0,2.0,0,3
CUST_1387,PROD_008,Clothing,113.86,4.0,0.0,0,0
CUST_1054,PROD_030,,67.63,3.0,1.0,0,1
CUST_1201,PROD_037,Beauty,55.81,8.0,3.0,1,2
CUST_1093,PROD_028,Books,20.75,16.0,9.0,3,12
CUST_1111,PROD_017,Sports,65.93,7.0,2.0,1,5
CUST_1263,PROD_050,Clothing,32.4,15.0,1.0,0,5
CUST_1226,PROD_002,Home & Kitchen,256.11,13.0,3.0,0,2
CUST_1083,PROD_030,Sports,67.63,10.0,6.0,1,1
CUST_1169,PROD_044,Books,26.09,5.0,1.0,0,0
CUST_1216,PROD_041,Electronics,304.61,,1.0,0,2
CUST_1088,PROD_029,Books,26.96,15.0,5.0,0,3
CUST_1047,PROD_011,Books,41.36,12.0,8.0,1,20
CUST_1149,PROD_049,Electronics,558.06,6.0,2.0,1,1
CUST_1309,PROD_037,Beauty,55.81,6.0,3.0,2,1
CUST_1010,PROD_047,Home & Kitchen,51.47,6.0,2.0,0,0
CUST_1355,PROD_002,Home & Kitchen,256.11,3.0,0.0,0,1
CUST_1059,PROD_012,Beauty,60.35,5.0,2.0,0,3
CUST_1003,PROD_044,Books,26.09,3.0,0.0,0,8
CUST_1382,PROD_013,Electronics,481.7,10.0,7.0,1,0
CUST_1143,PROD_022,Books,39.04,,4.0,0,3
CUST_1387,PROD_001,Books,57.63,5.0,3.0,2,0
CUST_1133,PROD_042,Beauty,22.83,7.0,1.0,0,0
CUST_1285,PROD_021,Clothing,,7.0,,2,5
CUST_1042,PROD_015,Books,29.59,8.0,2.0,2,2
CUST_1105,PROD_009,Sports,68.53,10.0,,3,1
CUST_1044,PROD_040,Books,38.05,6.0,3.0,2,0
CUST_1212,PROD_024,Beauty,39.24,5.0,2.0,0,0
CUST_1088,PROD_025,Books,33.13,10.0,2.0,0,3
CUST_1218,PROD_019,Home & Kitchen,,7.0,5.0,3,5
CUST_1257,PROD_046,Home & Kitchen,259.15,13.0,1.0,0,5
CUST_1137,PROD_029,Books,26.96,5.0,0.0,0,3
CUST_1128,PROD_029,Books,26.96,16.0,9.0,1,5
CUST_1146,PROD_047,Home & Kitchen,51.47,11.0,3.0,3,3
CUST_1320,PROD_038,,90.16,8.0,1.0,0,5
CUST_1211,PROD_050,Clothing,32.4,19.0,11.0,1,0
CUST_1336,PROD_018,Books,40.44,13.0,8.0,0,1
CUST_1258,PROD_042,Beauty,22.83,8.0,3.0,3,0
CUST_1180,PROD_036,Electronics,819.91,12.0,7.0,2,2
CUST_1007,PROD_009,Sports,68.53,24.0,13.0,0,2
CUST_1011,PROD_034,Books,40.7,2.0,2.0,2,1
CUST_1223,PROD_007,Home & Kitchen,35.97,2.0,1.0,1,0
CUST_1143,PROD_034,Books,40.7,3.0,2.0,1,3
CUST_1227,PROD_001,Books,57.63,15.0,4.0,0,1
CUST_1222,PROD_026,Books,35.77,2.0,0.0,0,1
CUST_1314,PROD_036,Electronics,819.91,6.0,2.0,1,2
CUST_1177,PROD_046,Home & Kitchen,259.15,16.0,1.0,0,3
CUST_1252,PROD_020,Beauty,62.3,15.0,6.0,0,0
CUST_1274,PROD_007,Home & Kitchen,35.97,16.0,9.0,2,1
CUST_1398,PROD_046,Home & Kitchen,259.15,19.0,10.0,2,2
CUST_1142,PROD_030,Sports,67.63,4.0,3.0,3,3
CUST_1049,PROD_043,Electronics,673.49,12.0,4.0,2,0
CUST_1362,PROD_010,Books,20.8,12.0,6.0,2,0
CUST_1375,PROD_033,Clothing,71.37,3.0,0.0,0,0
CUST_1064,PROD_024,Beauty,,28.0,16.0,3,8
CUST_1241,PROD_033,Clothing,71.37,9.0,8.0,1,12
CUST_1245,PROD_021,Clothing,143.36,11.0,5.0,3,1
CUST_1103,PROD_009,Sports,68.53,9.0,4.0,3,3
CUST_1206,PROD_018,Books,40.44,3.0,0.0,0,5
CUST_1396,PROD_013,Electronics,481.7,,1.0,0,1
CUST_1091,PROD_026,Books,35.77,,4.0,0,0
CUST_1198,PROD_010,Books,20.8,2.0,1.0,0,0
CUST_1082,PROD_005,Home & Kitchen,281.19,5.0,2.0,2,1
CUST_1189,PROD_020,Beauty,62.3,6.0,2.0,1,5
CUST_1198,PROD_049,Electronics,558.06,2.0,0.0,0,0
CUST_1341,PROD_014,Clothing,26.07,8.0,3.0,3,2
CUST_1013,PROD_012,,60.35,6.0,3.0,3,2
CUST_1130,PROD_002,Home & Kitchen,256.11,31.0,15.0,3,3
CUST_1216,PROD_049,Electronics,558.06,7.0,2.0,0,2
CUST_1210,PROD_009,Sports,68.53,6.0,2.0,2,5
CUST_1239,PROD_039,Clothing,145.48,5.0,0.0,0,1
CUST_1242,PROD_011,Books,41.36,2.0,1.0,0,2
CUST_1017,PROD_003,Beauty,31.38,6.0,2.0,2,1
CUST_1180,PROD_038,Clothing,90.16,,1.0,0,2
CUST_1213,PROD_023,Clothing,59.6,3.0,0.0,0,2
CUST_1105,PROD_040,Books,38.05,6.0,3.0,2,1
CUST_1148,PROD_044,Books,26.09,5.0,0.0,0,0
CUST_1035,PROD_040,Books,38.05,4.0,1.0,1,3
CUST_1059,PROD_017,Sports,65.93,12.0,5.0,2,3
CUST_1352,PROD_043,Electronics,673.49,8.0,1.0,0,0
CUST_1210,PROD_049,Electronics,558.06,12.0,4.0,3,5
CUST_1094,PROD_020,Beauty,62.3,9.0,,0,1
CUST_1031,PROD_043,Electronics,673.49,6.0,1.0,0,1
CUST_1271,PROD_021,Clothing,143.36,,4.0,1,5
CUST_1074,PROD_016,Sports,43.57,5.0,3.0,1,2
CUST_1295,PROD_027,Home & Kitchen,293.7,4.0,0.0,0,8
CUST_1150,PROD_016,Sports,43.57,5.0,1.0,1,3
CUST_1216,PROD_047,Home & Kitchen,51.47,7.0,2.0,0,2
CUST_1034,PROD_026,Books,35.77,7.0,4.0,2,1
CUST_1247,PROD_015,Books,29.59,6.0,2.0,2,1
CUST_1277,PROD_046,Home & Kitchen,259.15,2.0,0.0,0,1
CUST_1224,PROD_024,Beauty,39.24,11.0,4.0,0,5
CUST_1322,PROD_017,Sports,65.93,,0.0,0,0
CUST_1393,PROD_030,Sports,67.63,11.0,8.0,2,8
CUST_1317,PROD_013,Electronics,481.7,9.0,3.0,1,3
CUST_1090,PROD_040,Books,38.05,4.0,0.0,0,2
CUST_1170,PROD_030,Sports,67.63,12.0,,3,0
CUST_1247,PROD_015,Books,29.59,9.0,4.0,2,1
CUST_1178,PROD_003,Beauty,31.38,5.0,3.0,3,0
CUST_1137,PROD_036,Electronics,819.91,7.0,4.0,3,3
CUST_1390,PROD_023,Clothing,59.6,10.0,5.0,3,8
CUST_1244,PROD_048,Clothing,35.06,23.0,10.0,2,0
CUST_1053,PROD_049,Electronics,558.06,7.0,2.0,0,3
CUST_1260,PROD_032,Clothing,120.77,9.0,5.0,2,20
CUST_1343,PROD_021,Clothing,143.36,12.0,5.0,3,1
CUST_1105,PROD_016,Sports,43.57,40.0,17.0,3,1
CUST_1138,PROD_043,Electronics,673.49,14.0,7.0,0,0
CUST_1247,PROD_022,Books,39.04,10.0,2.0,1,1
CUST_1290,PROD_039,,145.48,5.0,5.0,1,1
CUST_1159,PROD_036,Electronics,819.91,6.0,4.0,1,2
CUST_1357,PROD_039,Clothing,145.48,6.0,2.0,1,12
CUST_1339,PROD_019,Home & Kitchen,279.38,3.0,0.0,0,2
CUST_1102,PROD_024,Beauty,39.24,12.0,4.0,2,2
CUST_1342,PROD_011,Books,41.36,6.0,3.0,0,2
CUST_1299,PROD_009,Sports,68.53,4.0,1.0,0,1
CUST_1090,PROD_024,Beauty,39.24,7.0,2.0,2,2
CUST_1178,PROD_025,Books,33.13,13.0,4.0,1,0
CUST_1325,PROD_033,Clothing,71.37,9.0,3.0,0,3
CUST_1027,PROD_007,Home & Kitchen,35.97,6.0,0.0,0,2
CUST_1239,PROD_035,Sports,65.18,13.0,9.0,1,1
CUST_1117,PROD_006,Books,18.86,6.0,3.0,2,8
CUST_1235,PROD_019,Home & Kitchen,279.38,5.0,2.0,1,3
CUST_1249,PROD_009,Sports,68.53,6.0,4.0,2,0
CUST_1256,PROD_027,Home & Kitchen,293.7,36.0,2.0,0,0
CUST_1050,PROD_002,Home & Kitchen,256.11,,3.0,0,0
CUST_1303,PROD_026,Books,35.77,13.0,3.0,0,0
CUST_1245,PROD_026,Books,35.77,,0.0,0,1
CUST_1306,PROD_045,Home & Kitchen,87.66,,9.0,2,2
CUST_1149,PROD_039,Clothing,145.48,2.0,0.0,0,1
CUST_1085,PROD_047,Home & Kitchen,51.47,,2.0,2,8
CUST_1059,PROD_035,Sports,65.18,15.0,12.0,1,3
CUST_1212,PROD_020,Beauty,62.3,13.0,9.0,2,0
CUST_1020,PROD_005,Home & Kitchen,281.19,24.0,3.0,0,8
CUST_1042,PROD_030,,67.63,3.0,0.0,0,2
CUST_1021,PROD_004,Home & Kitchen,58.99,6.0,1.0,1,1
CUST_1165,PROD_046,Home & Kitchen,259.15,3.0,0.0,0,2
CUST_1039,PROD_010,Books,20.8,5.0,0.0,0,0
CUST_1026,PROD_013,Electronics,481.7,5.0,3.0,0,1
CUST_1047,PROD_025,Books,33.13,15.0,10.0,1,20
CUST_1060,PROD_018,Books,40.44,6.0,2.0,2,0
CUST_1313,PROD_025,Books,33.13,10.0,6.0,3,8
CUST_1188,PROD_013,Electronics,481.7,5.0,4.0,2,2
CUST_1304,PROD_039,Clothing,145.48,7.0,1.0,0,0
CUST_1166,PROD_037,Beauty,55.81,7.0,3.0,3,3
CUST_1137,PROD_013,,481.7,5.0,1.0,0,3
CUST_1216,PROD_004,Home & Kitchen,58.99,15.0,2.0,0,2
CUST_1387,PROD_011,Books,41.36,5.0,4.0,3,0
CUST_1042,PROD_026,Books,35.77,9.0,4.0,3,2
CUST_1311,PROD_029,Books,26.96,10.0,1.0,0,2
CUST_1300,PROD_027,Home & Kitchen,293.7,8.0,4.0,0,2
CUST_1368,PROD_031,Books,20.87,2.0,0.0,0,8
CUST_1343,PROD_014,Clothing,26.07,30.0,11.0,1,1
CUST_1085,PROD_005,Home & Kitchen,281.19,7.0,6.0,3,8
CUST_1118,PROD_040,Books,38.05,7.0,4.0,2,2
CUST_1398,PROD_027,Home & Kitchen,293.7,9.0,2.0,2,2
CUST_1173,PROD_003,Beauty,31.38,6.0,3.0,1,5
CUST_1045,PROD_005,Home & Kitchen,281.19,9.0,4.0,2,1
CUST_1282,PROD_031,Books,20.87,9.0,0.0,0,0
CUST_1050,PROD_012,Beauty,60.35,4.0,2.0,2,0
CUST_1169,PROD_047,Home & Kitchen,51.47,3.0,1.0,1,0
CUST_1209,PROD_012,Beauty,60.35,,3.0,3,1
CUST_1040,PROD_025,Books,33.13,3.0,2.0,1,3
CUST_1260,PROD_014,Clothing,26.07,11.0,8.0,1,20
CUST_1290,PROD_039,Clothing,145.48,8.0,4.0,2,1
CUST_1211,PROD_005,Home & Kitchen,281.19,2.0,1.0,0,0
CUST_1292,PROD_025,Books,33.13,5.0,2.0,1,1
CUST_1018,PROD_037,Beauty,55.81,8.0,2.0,2,8
CUST_1037,PROD_013,Electronics,,10.0,3.0,2,1
CUST_1193,PROD_004,,58.99,19.0,11.0,2,0
CUST_1066,PROD_007,Home & Kitchen,35.97,5.0,3.0,2,3
CUST_1301,PROD_047,Home & Kitchen,51.47,6.0,2.0,2,0
CUST_1279,PROD_030,Sports,67.63,17.0,6.0,0,5
CUST_1051,PROD_020,Beauty,,8.0,5.0,1,5
CUST_1347,PROD_037,Beauty,55.81,6.0,3.0,0,8
CUST_1039,PROD_030,Sports,67.63,26.0,8.0,2,0
CUST_1151,PROD_022,Books,39.04,8.0,3.0,3,0
CUST_1221,PROD_017,Sports,65.93,8.0,4.0,2,2
CUST_1197,PROD_031,Books,20.87,10.0,6.0,2,1
CUST_1221,PROD_017,Sports,65.93,9.0,4.0,3,2
CUST_1063,PROD_031,Books,20.87,3.0,2.0,2,8
CUST_1306,PROD_039,Clothing,145.48,5.0,0.0,0,2
CUST_1348,PROD_003,Beauty,31.38,12.0,4.0,1,0
CUST_1154,PROD_030,Sports,67.63,9.0,5.0,0,3
CUST_1170,PROD_016,Sports,43.57,14.0,3.0,2,0
CUST_1272,PROD_049,Electronics,558.06,6.0,2.0,1,1
CUST_1084,PROD_009,Sports,68.53,5.0,2.0,2,12
CUST_1372,PROD_034,Books,40.7,2.0,1.0,1,20
CUST_1240,PROD_041,Electronics,304.61,7.0,3.0,2,8
CUST_1146,PROD_007,Home & Kitchen,35.97,15.0,6.0,2,3
CUST_1052,PROD_040,Books,38.05,14.0,3.0,0,3
CUST_1249,PROD_030,Sports,67.63,5.0,2.0,1,0
CUST_1043,PROD_025,Books,33.13,3.0,0.0,0,1
CUST_1132,PROD_021,Clothing,143.36,12.0,5.0,1,2
CUST_1188,PROD_036,Electronics,819.91,5.0,3.0,1,2
CUST_1344,PROD_044,Books,26.09,3.0,0.0,0,8
CUST_1247,PROD_034,Books,40.7,36.0,13.0,0,1
CUST_1092,PROD_036,Electronics,819.91,8.0,2.0,2,0
CUST_1363,PROD_038,Clothing,90.16,9.0,4.0,2,1
CUST_1142,PROD_047,Home & Kitchen,,4.0,1.0,1,3
CUST_1052,PROD_018,Books,40.44,20.0,9.0,3,3
CUST_1261,PROD_044,Books,26.09,7.0,1.0,0,1
CUST_1065,PROD_043,Electronics,673.49,9.0,1.0,0,1
CUST_1086,PROD_045,Home & Kitchen,87.66,5.0,2.0,1,1
CUST_1070,PROD_028,Books,20.75,5.0,4.0,2,8
CUST_1074,PROD_016,Sports,43.57,17.0,9.0,3,2
CUST_1345,PROD_023,Clothing,59.6,11.0,6.0,3,1
CUST_1334,PROD_036,Electronics,819.91,7.0,,2,5
CUST_1279,PROD_017,Sports,65.93,6.0,5.0,1,5
CUST_1071,PROD_045,Home & Kitchen,87.66,,1.0,1,2
CUST_1061,PROD_048,Clothing,35.06,6.0,2.0,0,2
CUST_1137,PROD_013,Electronics,481.7,8.0,3.0,0,3
CUST_1203,PROD_003,Beauty,31.38,10.0,6.0,1,3
CUST_1323,PROD_035,Sports,65.18,5.0,1.0,1,1
CUST_1131,PROD_022,Books,39.04,,2.0,2,0
CUST_1369,PROD_003,Beauty,,5.0,2.0,2,2
CUST_1159,PROD_045,Home & Kitchen,87.66,4.0,0.0,0,2
CUST_1241,PROD_039,Clothing,145.48,5.0,4.0,2,12
CUST_1366,PROD_013,Electronics,481.7,17.0,8.0,3,2
CUST_1154,PROD_035,Sports,65.18,19.0,11.0,3,3
CUST_1150,PROD_009,Sports,68.53,5.0,2.0,2,3
CUST_1271,PROD_039,Clothing,145.48,5.0,4.0,3,5
CUST_1097,PROD_011,Books,41.36,8.0,3.0,0,1
CUST_1267,PROD_016,Sports,43.57,11.0,5.0,1,3
CUST_1162,PROD_004,Home & Kitchen,58.99,5.0,2.0,2,5
CUST_1252,PROD_037,Beauty,55.81,10.0,5.0,0,0
CUST_1017,PROD_016,Sports,43.57,7.0,0.0,0,1
CUST_1024,PROD_036,Electronics,819.91,10.0,4.0,3,3
CUST_1337,PROD_012,Beauty,60.35,10.0,4.0,2,2
CUST_1087,PROD_024,Beauty,39.24,10.0,6.0,0,2
CUST_1302,PROD_013,Electronics,481.7,8.0,3.0,0,2
CUST_1120,PROD_014,Clothing,,28.0,15.0,3,2
CUST_1019,PROD_028,Books,20.75,6.0,2.0,2,0
CUST_1064,PROD_042,Beauty,22.83,6.0,3.0,2,8
CUST_1059,PROD_015,Books,29.59,2.0,1.0,1,3
CUST_1284,PROD_048,Clothing,35.06,2.0,1.0,1,3
CUST_1191,PROD_047,,51.47,11.0,5.0,0,1
CUST_1395,PROD_036,Electronics,819.91,9.0,2.0,0,1
CUST_1263,PROD_010,Books,20.8,13.0,4.0,0,5
CUST_1270,PROD_043,Electronics,673.49,2.0,0.0,0,3
CUST_1091,PROD_028,Books,20.75,13.0,6.0,2,0
CUST_1011,PROD_010,Books,20.8,3.0,1.0,0,1
CUST_1201,PROD_012,Beauty,60.35,21.0,8.0,2,2
CUST_1021,PROD_003,Beauty,31.38,10.0,2.0,1,1
CUST_1080,PROD_047,Home & Kitchen,51.47,5.0,2.0,2,3
CUST_1216,PROD_049,Electronics,558.06,8.0,2.0,1,2
CUST_1115,PROD_018,Books,40.44,13.0,7.0,3,3
CUST_1024,PROD_043,Electronics,673.49,11.0,5.0,2,3
CUST_1333,PROD_018,Books,40.44,6.0,3.0,2,0
CUST_1355,PROD_005,Home & Kitchen,281.19,3.0,0.0,0,1
CUST_1367,PROD_022,Books,39.04,20.0,7.0,3,2
CUST_1047,PROD_044,Books,26.09,9.0,7.0,1,20
CUST_1360,PROD_038,Clothing,90.16,7.0,5.0,1,2
CUST_1238,PROD_036,Electronics,819.91,12.0,4.0,0,3
CUST_1264,PROD_036,Electronics,819.91,6.0,2.0,2,5
CUST_1320,PROD_006,Books,18.86,10.0,7.0,1,5
CUST_1175,PROD_047,Home & Kitchen,51.47,10.0,4.0,2,1
CUST_1157,PROD_001,Books,,5.0,3.0,3,1
CUST_1276,PROD_007,Home & Kitchen,35.97,2.0,0.0,0,3
CUST_1008,PROD_006,Books,18.86,9.0,1.0,0,3
CUST_1284,PROD_043,Electronics,673.49,14.0,1.0,0,3
CUST_1355,PROD_039,Clothing,145.48,5.0,0.0,0,1
CUST_1173,PROD_012,Beauty,60.35,,1.0,0,5
CUST_1355,PROD_009,Sports,68.53,12.0,6.0,1,1
CUST_1093,PROD_040,Books,38.05,17.0,10.0,2,12
CUST_1220,PROD_036,Electronics,819.91,2.0,0.0,0,8
CUST_1078,PROD_016,Sports,43.57,11.0,4.0,2,1
CUST_1276,PROD_044,Books,,7.0,3.0,0,3
CUST_1296,PROD_050,Clothing,32.4,8.0,1.0,0,5
CUST_1191,PROD_048,Clothing,35.06,12.0,5.0,0,1
CUST_1147,PROD_043,Electronics,673.49,9.0,5.0,2,1
CUST_1188,PROD_043,Electronics,673.49,22.0,,3,2
CUST_1269,PROD_030,Sports,67.63,16.0,7.0,2,8
CUST_1348,PROD_039,Clothing,145.48,3.0,0.0,0,0
CUST_1057,PROD_019,Home & Kitchen,279.38,11.0,4.0,3,1
CUST_1231,PROD_037,Beauty,55.81,15.0,9.0,3,12
CUST_1196,PROD_012,Beauty,60.35,20.0,10.0,1,0
CUST_1208,PROD_015,Books,29.59,4.0,2.0,0,0
CUST_1382,PROD_041,Electronics,304.61,6.0,1.0,1,0
CUST_1036,PROD_012,Beauty,60.35,5.0,2.0,2,1
CUST_1382,PROD_043,Electronics,,5.0,2.0,2,0
CUST_1343,PROD_023,Clothing,59.6,7.0,3.0,3,1
CUST_1145,PROD_014,Clothing,26.07,12.0,1.0,0,1
CUST_1176,PROD_018,Books,40.44,6.0,4.0,2,3
CUST_1137,PROD_038,Clothing,90.16,4.0,1.0,0,3
CUST_1351,PROD_017,Sports,65.93,11.0,6.0,0,1
CUST_1133,PROD_016,Sports,43.57,6.0,1.0,0,0
CUST_1145,PROD_045,Home & Kitchen,87.66,9.0,5.0,2,1
CUST_1084,PROD_046,Home & Kitchen,259.15,6.0,2.0,0,12
CUST_1234,PROD_006,Books,18.86,6.0,2.0,1,0
CUST_1263,PROD_016,Sports,43.57,9.0,4.0,2,5
CUST_1305,PROD_041,Electronics,304.61,10.0,6.0,3,8
CUST_1386,PROD_041,Electronics,304.61,20.0,9.0,3,3
CUST_1347,PROD_037,Beauty,55.81,5.0,2.0,2,8
CUST_1137,PROD_001,Books,57.63,10.0,3.0,3,3
CUST_1049,PROD_018,Books,40.44,,0.0,0,0
CUST_1228,PROD_006,Books,18.86,15.0,8.0,2,1
CUST_1092,PROD_033,Clothing,71.37,5.0,1.0,0,0
CUST_1298,PROD_033,Clothing,71.37,9.0,1.0,1,3
CUST_1106,PROD_019,Home & Kitchen,279.38,5.0,3.0,2,1
CUST_1279,PROD_016,Sports,43.57,,2.0,2,5
CUST_1200,PROD_043,Electronics,673.49,9.0,5.0,1,0
CUST_1323,PROD_035,Sports,65.18,5.0,3.0,3,1
CUST_1071,PROD_025,Books,33.13,9.0,5.0,2,2
CUST_1277,PROD_035,Sports,65.18,4.0,0.0,0,1
CUST_1250,PROD_002,Home & Kitchen,256.11,2.0,1.0,1,1
CUST_1320,PROD_021,Clothing,143.36,6.0,0.0,0,5
CUST_1080,PROD_005,Home & Kitchen,281.19,22.0,11.0,2,3
CUST_1354,PROD_020,Beauty,62.3,9.0,7.0,3,20
CUST_1302,PROD_001,Books,57.63,3.0,1.0,1,2
CUST_1384,PROD_011,Books,41.36,16.0,3.0,0,0
CUST_1287,PROD_034,Books,40.7,13.0,3.0,0,1
CUST_1108,PROD_004,Home & Kitchen,58.99,4.0,0.0,0,0
CUST_1204,PROD_049,Electronics,558.06,3.0,0.0,0,1
CUST_1379,PROD_003,Beauty,31.38,5.0,3.0,1,5
CUST_1177,PROD_038,Clothing,90.16,36.0,10.0,1,3
CUST_1235,PROD_002,Home & Kitchen,256.11,6.0,2.0,1,3
CUST_1004,PROD_013,Electronics,481.7,8.0,4.0,2,1
CUST_1366,PROD_002,Home & Kitchen,256.11,3.0,,0,2
CUST_1368,PROD_045,Home & Kitchen,87.66,5.0,4.0,2,8
CUST_1128,PROD_020,Beauty,62.3,,0.0,0,5
CUST_1363,PROD_023,Clothing,59.6,8.0,3.0,2,1
CUST_1114,PROD_049,Electronics,558.06,9.0,,1,3
CUST_1005,PROD_017,Sports,65.93,9.0,5.0,3,5
CUST_1129,PROD_018,Books,40.44,9.0,3.0,0,1
CUST_1228,PROD_029,Books,26.96,10.0,2.0,0,1
CUST_1060,PROD_034,Books,40.7,29.0,14.0,2,0
CUST_1090,PROD_032,Clothing,120.77,5.0,1.0,1,2
CUST_1358,PROD_043,Electronics,673.49,2.0,0.0,0,0
CUST_1331,PROD_029,Books,26.96,,5.0,3,1
CUST_1222,PROD_042,Beauty,22.83,6.0,2.0,1,1
CUST_1226,PROD_045,Home & Kitchen,87.66,5.0,3.0,2,2
CUST_1200,PROD_041,Electronics,304.61,6.0,0.0,0,0
CUST_1153,PROD_028,Books,20.75,9.0,6.0,3,0
CUST_1157,PROD_019,Home & Kitchen,279.38,5.0,1.0,1,1
CUST_1269,PROD_015,Books,29.59,4.0,1.0,0,8
CUST_1044,PROD_022,Books,39.04,10.0,2.0,0,0
CUST_1160,PROD_024,Beauty,39.24,9.0,1.0,0,0
CUST_1228,PROD_011,Books,41.36,11.0,5.0,0,1
CUST_1058,PROD_037,Beauty,55.81,5.0,1.0,0,0
CUST_1024,PROD_043,Electronics,673.49,12.0,3.0,0,3
CUST_1360,PROD_039,Clothing,145.48,10.0,5.0,0,2
CUST_1270,PROD_037,Beauty,55.81,15.0,10.0,3,3
CUST_1077,PROD_022,Books,,7.0,0.0,0,0
CUST_1261,PROD_036,Electronics,819.91,6.0,,0,1
CUST_1142,PROD_012,Beauty,60.35,8.0,5.0,3,3
CUST_1024,PROD_020,Beauty,62.3,12.0,0.0,0,3
CUST_1242,PROD_030,Sports,67.63,5.0,1.0,0,2
CUST_1137,PROD_013,Electronics,481.7,10.0,2.0,0,3
CUST_1193,PROD_007,Home & Kitchen,35.97,11.0,5.0,1,0
CUST_1078,PROD_014,Clothing,26.07,11.0,,0,1
CUST_1182,PROD_004,Home & Kitchen,58.99,12.0,6.0,3,20
CUST_1382,PROD_036,Electronics,819.91,7.0,2.0,0,0
CUST_1367,PROD_002,Home & Kitchen,256.11,2.0,0.0,0,2
CUST_1046,PROD_030,Sports,67.63,13.0,7.0,3,1
CUST_1399,PROD_043,Electronics,673.49,2.0,1.0,0,8
CUST_1320,PROD_044,Books,26.09,9.0,,1,5
CUST_1318,PROD_011,Books,41.36,2.0,0.0,0,0
CUST_1389,PROD_026,Books,,5.0,3.0,2,3
CUST_1035,PROD_032,Clothing,120.77,13.0,8.0,3,3
CUST_1322,PROD_025,Books,33.13,8.0,2.0,0,0
CUST_1042,PROD_005,Home & Kitchen,281.19,7.0,1.0,1,2
CUST_1160,PROD_042,Beauty,22.83,17.0,4.0,0,0
CUST_1094,PROD_012,Beauty,60.35,12.0,7.0,2,1
CUST_1066,PROD_020,Beauty,62.3,2.0,0.0,0,3
CUST_1273,PROD_049,Electronics,558.06,5.0,3.0,2,0
CUST_1077,PROD_047,Home & Kitchen,51.47,3.0,0.0,0,0
CUST_1114,PROD_043,Electronics,673.49,7.0,2.0,0,3
CUST_1380,PROD_037,Beauty,55.81,4.0,1.0,1,1
CUST_1318,PROD_030,Sports,67.63,9.0,4.0,2,0
CUST_1255,PROD_037,Beauty,55.81,5.0,5.0,3,2
CUST_1296,PROD_041,Electronics,304.61,6.0,,0,5
CUST_1029,PROD_010,Books,20.8,2.0,1.0,1,0
CUST_1223,PROD_016,Sports,43.57,5.0,4.0,3,0
CUST_1206,PROD_010,Books,20.8,10.0,1.0,0,5
CUST_1343,PROD_011,Books,41.36,5.0,0.0,0,1
CUST_1058,PROD_036,Electronics,819.91,5.0,2.0,0,0
CUST_1275,PROD_042,Beauty,22.83,8.0,3.0,2,1
CUST_1114,PROD_043,Electronics,673.49,7.0,4.0,1,3
CUST_1372,PROD_014,Clothing,26.07,18.0,12.0,2,20
CUST_1278,PROD_014,Clothing,26.07,9.0,7.0,2,2
CUST_1318,PROD_017,Sports,65.93,10.0,4.0,1,0
CUST_1160,PROD_012,Beauty,60.35,11.0,5.0,0,0
CUST_1344,PROD_035,Sports,65.18,9.0,6.0,1,8
CUST_1294,PROD_032,Clothing,120.77,3.0,1.0,0,5
CUST_1319,PROD_024,Beauty,39.24,10.0,4.0,0,0
CUST_1027,PROD_015,Books,29.59,2.0,0.0,0,2
CUST_1361,PROD_032,Clothing,,6.0,3.0,3,1
CUST_1225,PROD_014,Clothing,26.07,33.0,10.0,0,3
CUST_1094,PROD_023,Clothing,59.6,2.0,1.0,1,1
CUST_1147,PROD_043,Electronics,673.49,6.0,4.0,2,1
CUST_1099,PROD_018,Books,40.44,16.0,10.0,3,5
CUST_1079,PROD_001,Books,57.63,7.0,4.0,1,1
CUST_1109,PROD_023,Clothing,59.6,8.0,2.0,1,1
CUST_1185,PROD_015,Books,29.59,12.0,9.0,3,1
CUST_1129,PROD_029,Books,26.96,9.0,4.0,2,1
CUST_1064,PROD_003,Beauty,31.38,7.0,6.0,1,8
CUST_1142,PROD_012,Beauty,,6.0,3.0,3,3
CUST_1339,PROD_031,Books,20.87,3.0,1.0,0,2
CUST_1213,PROD_027,Home & Kitchen,293.7,13.0,4.0,1,2
CUST_1348,PROD_024,Beauty,39.24,15.0,6.0,1,0
CUST_1382,PROD_041,Electronics,304.61,6.0,2.0,2,0
CUST_1148,PROD_006,Books,18.86,6.0,4.0,3,0
CUST_1179,PROD_043,Electronics,673.49,,3.0,0,5
CUST_1040,PROD_041,,304.61,12.0,7.0,1,3
CUST_1149,PROD_043,Electronics,673.49,6.0,2.0,0,1
CUST_1033,PROD_040,Books,38.05,4.0,0.0,0,12
CUST_1297,PROD_028,Books,20.75,13.0,10.0,2,2
CUST_1366,PROD_041,Electronics,304.61,10.0,1.0,1,2
CUST_1373,PROD_012,Beauty,60.35,14.0,9.0,3,3
CUST_1396,PROD_013,Electronics,481.7,8.0,,0,1
CUST_1278,PROD_035,Sports,65.18,8.0,1.0,0,2
CUST_1289,PROD_019,,279.38,8.0,2.0,1,0
CUST_1167,PROD_049,Electronics,558.06,5.0,3.0,1,12
CUST_1218,PROD_001,Books,57.63,2.0,0.0,0,5
CUST_1179,PROD_013,Electronics,481.7,14.0,8.0,3,5
CUST_1228,PROD_028,Books,20.75,10.0,,0,1
CUST_1298,PROD_013,Electronics,481.7,4.0,2.0,2,3
CUST_1063,PROD_009,Sports,68.53,13.0,10.0,1,8
CUST_1337,PROD_042,Beauty,22.83,19.0,,1,2
CUST_1335,PROD_035,Sports,65.18,5.0,4.0,1,1
CUST_1085,PROD_002,Home & Kitchen,256.11,9.0,5.0,2,8
CUST_1088,PROD_009,Sports,68.53,31.0,3.0,0,3
CUST_1164,PROD_025,Books,33.13,9.0,5.0,2,0
CUST_1135,PROD_038,Clothing,90.16,7.0,2.0,2,0
CUST_1176,PROD_010,Books,20.8,6.0,3.0,2,3
CUST_1100,PROD_037,Beauty,55.81,17.0,,0,1
CUST_1247,PROD_025,Books,33.13,,1.0,0,1
CUST_1159,PROD_039,Clothing,145.48,7.0,2.0,2,2
CUST_1205,PROD_050,Clothing,32.4,7.0,3.0,1,12
CUST_1385,PROD_027,Home & Kitchen,293.7,6.0,2.0,0,0
CUST_1318,PROD_030,Sports,67.63,12.0,3.0,2,0
CUST_1115,PROD_049,Electronics,558.06,9.0,0.0,0,3
CUST_1069,PROD_020,Beauty,62.3,5.0,0.0,0,0
CUST_1252,PROD_036,Electronics,819.91,9.0,1.0,1,0
CUST_1241,PROD_050,Clothing,32.4,9.0,6.0,3,12
CUST_1349,PROD_016,Sports,43.57,22.0,,1,1
CUST_1167,PROD_036,Electronics,819.91,15.0,5.0,1,12
CUST_1143,PROD_024,Beauty,39.24,9.0,5.0,3,3
CUST_1008,PROD_036,Electronics,819.91,6.0,3.0,1,3
CUST_1151,PROD_025,Books,33.13,11.0,1.0,0,0
CUST_1336,PROD_001,Books,57.63,9.0,6.0,1,1
CUST_1382,PROD_041,Electronics,304.61,6.0,2.0,2,0
CUST_1092,PROD_036,Electronics,819.91,8.0,3.0,0,0
CUST_1119,PROD_032,Clothing,120.77,7.0,1.0,0,1
CUST_1011,PROD_049,Electronics,558.06,11.0,1.0,1,1
CUST_1075,PROD_009,Sports,68.53,5.0,3.0,0,2
CUST_1132,PROD_025,Books,33.13,3.0,1.0,0,2
CUST_1247,PROD_043,Electronics,673.49,13.0,1.0,0,1
CUST_1245,PROD_023,Clothing,59.6,6.0,3.0,2,1
CUST_1025,PROD_013,Electronics,481.7,8.0,2.0,0,5
CUST_1220,PROD_048,Clothing,35.06,5.0,2.0,2,8
CUST_1330,PROD_050,Clothing,32.4,5.0,2.0,1,1
CUST_1185,PROD_026,Books,35.77,6.0,4.0,2,1
CUST_1094,PROD_020,Beauty,62.3,5.0,2.0,2,1
CUST_1314,PROD_049,Electronics,558.06,18.0,,1,2
CUST_1248,PROD_022,Books,39.04,10.0,6.0,3,20
CUST_1189,PROD_031,Books,20.87,9.0,,3,5
CUST_1381,PROD_037,Beauty,55.81,6.0,4.0,2,3
CUST_1059,PROD_017,Sports,65.93,12.0,4.0,2,3
CUST_1082,PROD_044,Books,26.09,6.0,4.0,0,1
CUST_1161,PROD_032,Clothing,120.77,6.0,4.0,2,0
CUST_1268,PROD_033,Clothing,71.37,3.0,1.0,1,20
CUST_1277,PROD_032,Clothing,120.77,5.0,0.0,0,1
CUST_1370,PROD_009,Sports,68.53,5.0,2.0,1,1
CUST_1394,PROD_003,Beauty,31.38,7.0,3.0,0,1
CUST_1380,PROD_031,Books,20.87,7.0,,2,1
CUST_1040,PROD_043,Electronics,673.49,10.0,3.0,0,3
CUST_1288,PROD_013,Electronics,481.7,8.0,1.0,0,3
CUST_1340,PROD_001,Books,57.63,7.0,3.0,2,2
CUST_1238,PROD_013,Electronics,481.7,6.0,2.0,1,3
CUST_1352,PROD_049,Electronics,558.06,8.0,0.0,0,0
CUST_1029,PROD_010,Books,20.8,5.0,1.0,0,0
CUST_1382,PROD_049,Electronics,558.06,6.0,3.0,0,0
CUST_1085,PROD_035,Sports,65.18,3.0,0.0,0,8
CUST_1073,PROD_013,Electronics,481.7,10.0,2.0,0,0
CUST_1317,PROD_041,Electronics,304.61,10.0,4.0,1,3
CUST_1315,PROD_008,Clothing,113.86,2.0,0.0,0,1
CUST_1191,PROD_019,Home & Kitchen,279.38,,1.0,1,1
CUST_1063,PROD_009,Sports,68.53,7.0,4.0,2,8
CUST_1118,PROD_029,Books,26.96,5.0,3.0,1,2
CUST_1042,PROD_022,Books,39.04,14.0,7.0,2,2
CUST_1088,PROD_009,Sports,68.53,4.0,2.0,2,3
CUST_1150,PROD_005,Home & Kitchen,281.19,15.0,2.0,0,3
CUST_1134,PROD_027,Home & Kitchen,293.7,5.0,4.0,2,1
CUST_1307,PROD_014,Clothing,26.07,5.0,3.0,1,2
CUST_1075,PROD_045,Home & Kitchen,87.66,8.0,1.0,0,2
CUST_1344,PROD_017,Sports,65.93,10.0,4.0,2,8
CUST_1334,PROD_036,Electronics,819.91,15.0,6.0,0,5
CUST_1031,PROD_004,Home & Kitchen,58.99,6.0,2.0,1,1
CUST_1337,PROD_012,Beauty,60.35,7.0,4.0,1,2
CUST_1046,PROD_009,Sports,,6.0,3.0,2,1
CUST_1245,PROD_008,Clothing,113.86,8.0,3.0,1,1
CUST_1198,PROD_018,Books,40.44,7.0,1.0,0,0
CUST_1263,PROD_030,Sports,67.63,7.0,2.0,0,5
CUST_1133,PROD_031,Books,20.87,10.0,0.0,0,0
CUST_1351,PROD_030,Sports,67.63,6.0,4.0,1,1
CUST_1273,PROD_013,Electronics,481.7,16.0,7.0,3,0
CUST_1298,PROD_009,Sports,68.53,2.0,1.0,1,3
CUST_1018,PROD_020,Beauty,62.3,9.0,6.0,3,8
CUST_1225,PROD_027,Home & Kitchen,293.7,2.0,0.0,0,3
CUST_1213,PROD_003,Beauty,31.38,,1.0,1,2
CUST_1024,PROD_041,Electronics,304.61,,2.0,1,3
CUST_1112,PROD_041,Electronics,304.61,14.0,3.0,1,2
CUST_1004,PROD_011,Books,41.36,,4.0,0,1
CUST_1292,PROD_022,Books,39.04,8.0,4.0,1,1
CUST_1348,PROD_037,Beauty,55.81,8.0,5.0,3,0
CUST_1357,PROD_016,Sports,43.57,19.0,9.0,2,12
CUST_1127,PROD_026,Books,35.77,18.0,8.0,0,3
CUST_1053,PROD_031,Books,20.87,2.0,1.0,1,3
CUST_1277,PROD_037,Beauty,55.81,11.0,3.0,3,1
CUST_1379,PROD_014,Clothing,26.07,6.0,2.0,0,5
CUST_1089,PROD_036,Electronics,819.91,5.0,2.0,2,0
CUST_1202,PROD_009,Sports,68.53,9.0,5.0,2,2
CUST_1018,PROD_003,Beauty,31.38,6.0,4.0,1,8
CUST_1173,PROD_039,Clothing,145.48,9.0,0.0,0,5
CUST_1352,PROD_006,Books,18.86,16.0,2.0,0,0
CUST_1215,PROD_010,Books,20.8,5.0,2.0,1,1
CUST_1105,PROD_009,Sports,68.53,19.0,11.0,1,1
CUST_1098,PROD_003,Beauty,31.38,13.0,6.0,2,2
CUST_1282,PROD_003,Beauty,31.38,11.0,6.0,1,0
CUST_1114,PROD_002,Home & Kitchen,256.11,3.0,1.0,1,3
CUST_1141,PROD_045,Home & Kitchen,87.66,2.0,1.0,1,3
CUST_1330,PROD_039,Clothing,145.48,10.0,5.0,1,1
CUST_1397,PROD_027,Home & Kitchen,293.7,7.0,0.0,0,2
CUST_1126,PROD_042,Beauty,22.83,5.0,3.0,1,1
CUST_1180,PROD_041,Electronics,304.61,6.0,0.0,0,2
CUST_1233,PROD_035,Sports,65.18,17.0,9.0,1,8
CUST_1331,PROD_002,Home & Kitchen,256.11,6.0,2.0,2,1
CUST_1083,PROD_043,Electronics,673.49,3.0,0.0,0,1
CUST_1261,PROD_013,Electronics,,16.0,5.0,0,1
CUST_1186,PROD_041,,304.61,3.0,1.0,0,3
CUST_1251,PROD_014,Clothing,26.07,2.0,0.0,1,2
CUST_1099,PROD_018,Books,40.44,6.0,3.0,3,5
CUST_1223,PROD_035,Sports,65.18,9.0,4.0,2,0
CUST_1231,PROD_024,Beauty,39.24,13.0,6.0,0,12
CUST_1199,PROD_050,Clothing,32.4,2.0,0.0,0,5
CUST_1043,PROD_048,Clothing,35.06,3.0,1.0,0,1
CUST_1334,PROD_036,,819.91,20.0,13.0,1,5
CUST_1176,PROD_011,Books,41.36,5.0,,3,3
CUST_1062,PROD_041,Electronics,304.61,17.0,7.0,3,1
CUST_1139,PROD_024,Beauty,39.24,5.0,0.0,0,2
CUST_1213,PROD_024,Beauty,39.24,4.0,2.0,1,2
CUST_1073,PROD_044,Books,26.09,21.0,2.0,0,0
CUST_1391,PROD_011,Books,41.36,3.0,0.0,0,8
CUST_1062,PROD_036,Electronics,819.91,7.0,2.0,1,1
CUST_1103,PROD_017,Sports,65.93,9.0,4.0,0,3
CUST_1055,PROD_026,Books,35.77,5.0,3.0,0,12
CUST_1006,PROD_003,Beauty,31.38,10.0,6.0,3,2
CUST_1073,PROD_041,Electronics,304.61,6.0,0.0,0,0
CUST_1345,PROD_026,Books,35.77,3.0,0.0,0,1
CUST_1097,PROD_023,,59.6,8.0,3.0,0,1
CUST_1261,PROD_041,Electronics,304.61,8.0,4.0,2,1
CUST_1171,PROD_019,Home & Kitchen,279.38,6.0,0.0,0,2
CUST_1317,PROD_041,Electronics,,7.0,2.0,1,3
CUST_1294,PROD_048,Clothing,35.06,5.0,1.0,0,5
CUST_1400,PROD_005,Home & Kitchen,281.19,16.0,7.0,3,1
CUST_1391,PROD_013,Electronics,,10.0,5.0,1,8
CUST_1010,PROD_037,Beauty,55.81,14.0,8.0,2,0
CUST_1011,PROD_049,Electronics,558.06,6.0,4.0,1,1
CUST_1354,PROD_012,Beauty,60.35,11.0,5.0,2,20
CUST_1253,PROD_047,Home & Kitchen,51.47,6.0,4.0,3,5
CUST_1025,PROD_031,Books,20.87,8.0,2.0,2,5
CUST_1211,PROD_021,Clothing,143.36,8.0,3.0,1,0
CUST_1282,PROD_024,Beauty,39.24,13.0,5.0,0,0
CUST_1039,PROD_026,Books,35.77,2.0,0.0,0,0
CUST_1218,PROD_045,Home & Kitchen,87.66,5.0,4.0,2,5
CUST_1237,PROD_050,Clothing,32.4,15.0,6.0,3,0
CUST_1220,PROD_023,Clothing,59.6,6.0,1.0,0,8
CUST_1371,PROD_034,Books,40.7,10.0,1.0,0,2
CUST_1050,PROD_004,Home & Kitchen,58.99,6.0,3.0,3,0
CUST_1102,PROD_033,Clothing,71.37,11.0,7.0,2,2
CUST_1128,PROD_024,Beauty,39.24,2.0,1.0,1,5
CUST_1284,PROD_010,Books,20.8,3.0,0.0,0,3
CUST_1188,PROD_041,Electronics,304.61,5.0,2.0,2,2
CUST_1250,PROD_036,Electronics,819.91,8.0,3.0,0,1
CUST_1188,PROD_043,Electronics,673.49,6.0,2.0,0,2
CUST_1072,PROD_035,Sports,65.18,7.0,3.0,3,12
CUST_1219,PROD_030,Sports,67.63,10.0,5.0,1,3
CUST_1026,PROD_019,Home & Kitchen,279.38,5.0,2.0,1,1
CUST_1306,PROD_009,Sports,68.53,2.0,0.0,0,2
CUST_1063,PROD_040,Books,,3.0,0.0,0,8
CUST_1073,PROD_034,Books,40.7,11.0,0.0,0,0
CUST_1258,PROD_008,Clothing,113.86,2.0,0.0,0,0
CUST_1389,PROD_045,Home & Kitchen,87.66,20.0,13.0,3,3
CUST_1365,PROD_025,Books,33.13,7.0,6.0,3,1
CUST_1181,PROD_020,Beauty,62.3,6.0,3.0,0,3
CUST_1290,PROD_002,Home & Kitchen,256.11,,1.0,0,1
CUST_1301,PROD_019,Home & Kitchen,279.38,8.0,4.0,3,0
CUST_1244,PROD_021,Clothing,143.36,15.0,3.0,0,0
CUST_1292,PROD_038,Clothing,90.16,4.0,2.0,1,1
CUST_1154,PROD_017,Sports,65.93,10.0,4.0,3,3
CUST_1278,PROD_014,Clothing,26.07,8.0,7.0,3,2
CUST_1102,PROD_032,,120.77,13.0,5.0,2,2
CUST_1350,PROD_017,Sports,65.93,8.0,3.0,3,5
CUST_1318,PROD_024,Beauty,39.24,9.0,2.0,0,0
CUST_1108,PROD_041,Electronics,304.61,8.0,2.0,2,0
CUST_1283,PROD_007,Home & Kitchen,35.97,11.0,5.0,2,1
CUST_1280,PROD_022,Books,39.04,2.0,1.0,0,1
CUST_1396,PROD_038,Clothing,90.16,8.0,1.0,0,1
CUST_1234,PROD_026,Books,35.77,5.0,1.0,1,0
CUST_1263,PROD_019,Home & Kitchen,279.38,17.0,4.0,2,5
CUST_1262,PROD_043,Electronics,,6.0,0.0,0,1
CUST_1046,PROD_009,Sports,68.53,7.0,3.0,0,1
CUST_1274,PROD_023,Clothing,59.6,,1.0,0,1
CUST_1304,PROD_010,Books,20.8,7.0,1.0,1,0
CUST_1252,PROD_003,Beauty,31.38,7.0,3.0,2,0
CUST_1182,PROD_030,Sports,67.63,2.0,0.0,0,20
CUST_1190,PROD_020,Beauty,,4.0,0.0,0,1
CUST_1232,PROD_031,Books,20.87,5.0,2.0,1,1
CUST_1183,PROD_005,Home & Kitchen,281.19,29.0,6.0,0,1
CUST_1277,PROD_009,Sports,68.53,9.0,2.0,1,1
CUST_1399,PROD_030,Sports,67.63,8.0,4.0,2,8
CUST_1290,PROD_014,Clothing,26.07,11.0,4.0,1,1
CUST_1171,PROD_045,Home & Kitchen,87.66,7.0,4.0,1,2
CUST_1150,PROD_020,Beauty,62.3,7.0,0.0,0,3
CUST_1321,PROD_049,Electronics,558.06,13.0,4.0,0,2
CUST_1087,PROD_028,Books,20.75,2.0,0.0,0,2
CUST_1234,PROD_029,Books,26.96,6.0,4.0,2,0
CUST_1204,PROD_037,Beauty,55.81,9.0,4.0,3,1
CUST_1249,PROD_038,Clothing,90.16,12.0,2.0,0,0
CUST_1043,PROD_035,Sports,65.18,13.0,6.0,3,1
CUST_1203,PROD_024,Beauty,39.24,7.0,3.0,1,3
CUST_1050,PROD_020,Beauty,62.3,2.0,0.0,0,0
CUST_1233,PROD_017,Sports,65.93,9.0,3.0,0,8
CUST_1047,PROD_018,Books,40.44,12.0,,1,20
CUST_1190,PROD_036,Electronics,819.91,5.0,0.0,0,1
CUST_1247,PROD_011,Books,41.36,5.0,2.0,2,1
CUST_1255,PROD_020,Beauty,62.3,33.0,16.0,1,2
CUST_1303,PROD_019,Home & Kitchen,279.38,7.0,2.0,0,0
CUST_1044,PROD_015,Books,29.59,22.0,10.0,0,0
CUST_1154,PROD_034,Books,40.7,,1.0,0,3
CUST_1085,PROD_001,Books,57.63,3.0,2.0,1,8
CUST_1198,PROD_047,Home & Kitchen,51.47,8.0,3.0,1,0
CUST_1229,PROD_041,Electronics,304.61,6.0,2.0,2,1
CUST_1117,PROD_005,Home & Kitchen,281.19,2.0,0.0,0,8
CUST_1358,PROD_009,,68.53,9.0,0.0,0,0
CUST_1176,PROD_047,Home & Kitchen,51.47,8.0,2.0,1,3
CUST_1183,PROD_018,Books,40.44,8.0,4.0,3,1
CUST_1286,PROD_017,Sports,65.93,11.0,5.0,2,2
CUST_1084,PROD_009,Sports,68.53,7.0,5.0,2,12
CUST_1272,PROD_013,Electronics,481.7,15.0,,0,1
CUST_1247,PROD_001,Books,57.63,21.0,9.0,0,1
CUST_1357,PROD_033,,71.37,5.0,1.0,0,12
CUST_1036,PROD_021,Clothing,143.36,10.0,0.0,0,1
CUST_1218,PROD_026,Books,35.77,5.0,0.0,0,5
CUST_1253,PROD_002,Home & Kitchen,256.11,15.0,9.0,3,5
CUST_1132,PROD_008,Clothing,113.86,11.0,7.0,2,2
CUST_1258,PROD_012,Beauty,60.35,5.0,2.0,1,0
CUST_1277,PROD_021,Clothing,143.36,9.0,5.0,1,1
CUST_1296,PROD_048,Clothing,35.06,19.0,12.0,2,5
CUST_1236,PROD_005,Home & Kitchen,281.19,6.0,0.0,0,2
CUST_1007,PROD_035,Sports,65.18,9.0,3.0,3,2
CUST_1134,PROD_004,Home & Kitchen,58.99,7.0,3.0,2,1
CUST_1138,PROD_026,Books,35.77,,0.0,0,0
CUST_1157,PROD_047,Home & Kitchen,51.47,4.0,0.0,0,1
CUST_1172,PROD_043,Electronics,673.49,10.0,3.0,0,3
CUST_1038,PROD_039,Clothing,145.48,27.0,14.0,3,2
CUST_1146,PROD_002,Home & Kitchen,256.11,6.0,2.0,0,3
CUST_1073,PROD_046,Home & Kitchen,,3.0,0.0,0,0
CUST_1315,PROD_012,Beauty,60.35,5.0,0.0,0,1
CUST_1356,PROD_001,Books,57.63,5.0,3.0,2,8
CUST_1203,PROD_050,Clothing,32.4,8.0,3.0,3,3
CUST_1390,PROD_050,Clothing,32.4,10.0,8.0,1,8
CUST_1124,PROD_047,Home & Kitchen,51.47,3.0,1.0,1,2
CUST_1228,PROD_010,Books,20.8,8.0,3.0,3,1
CUST_1092,PROD_036,Electronics,819.91,14.0,7.0,0,0
CUST_1158,PROD_032,Clothing,120.77,20.0,15.0,3,8
CUST_1153,PROD_045,Home & Kitchen,87.66,4.0,1.0,1,0
CUST_1116,PROD_035,Sports,65.18,9.0,7.0,1,5
CUST_1346,PROD_046,Home & Kitchen,259.15,10.0,6.0,1,20
CUST_1183,PROD_015,Books,29.59,11.0,3.0,2,1
CUST_1167,PROD_043,Electronics,673.49,9.0,4.0,0,12
CUST_1059,PROD_039,Clothing,145.48,8.0,2.0,0,3
CUST_1308,PROD_047,Home & Kitchen,51.47,5.0,0.0,0,0
CUST_1078,PROD_037,Beauty,55.81,5.0,0.0,0,1
CUST_1324,PROD_025,Books,33.13,10.0,3.0,2,1
CUST_1142,PROD_014,Clothing,26.07,3.0,0.0,0,3
CUST_1063,PROD_035,Sports,65.18,10.0,6.0,2,8
CUST_1189,PROD_026,Books,35.77,11.0,7.0,2,5
CUST_1113,PROD_022,Books,39.04,16.0,6.0,3,2
CUST_1074,PROD_041,Electronics,304.61,7.0,1.0,1,2
CUST_1019,PROD_040,Books,38.05,11.0,5.0,1,0
CUST_1351,PROD_046,Home & Kitchen,259.15,3.0,0.0,0,1
CUST_1229,PROD_049,Electronics,558.06,5.0,2.0,0,1
CUST_1082,PROD_047,Home & Kitchen,51.47,8.0,4.0,3,1
CUST_1219,PROD_030,Sports,67.63,22.0,8.0,1,3
CUST_1187,PROD_005,Home & Kitchen,281.19,34.0,12.0,0,0
CUST_1279,PROD_030,Sports,67.63,6.0,4.0,3,5
CUST_1199,PROD_044,Books,26.09,6.0,2.0,1,5
CUST_1221,PROD_009,Sports,68.53,21.0,10.0,1,2
CUST_1049,PROD_043,,,6.0,0.0,0,0
CUST_1093,PROD_038,Clothing,90.16,3.0,2.0,1,12
CUST_1050,PROD_008,Clothing,113.86,7.0,1.0,0,0
CUST_1183,PROD_042,Beauty,22.83,6.0,1.0,0,1
CUST_1325,PROD_021,Clothing,143.36,10.0,7.0,3,3
CUST_1184,PROD_026,Books,35.77,8.0,1.0,0,2
CUST_1356,PROD_006,Books,18.86,12.0,,1,8
CUST_1280,PROD_005,Home & Kitchen,281.19,13.0,5.0,0,1
CUST_1242,PROD_030,Sports,67.63,6.0,3.0,2,2
CUST_1052,PROD_019,Home & Kitchen,279.38,3.0,0.0,0,3
CUST_1190,PROD_047,Home & Kitchen,51.47,2.0,0.0,0,1
CUST_1398,PROD_019,Home & Kitchen,279.38,5.0,2.0,2,2
CUST_1116,PROD_035,Sports,,7.0,4.0,3,5
CUST_1178,PROD_020,Beauty,62.3,7.0,4.0,3,0
CUST_1001,PROD_016,Sports,43.57,15.0,9.0,0,1
CUST_1229,PROD_028,Books,20.75,8.0,1.0,0,1
CUST_1396,PROD_036,Electronics,819.91,,6.0,0,1
CUST_1337,PROD_010,Books,20.8,2.0,0.0,0,2
CUST_1271,PROD_033,Clothing,71.37,6.0,3.0,1,5
CUST_1228,PROD_009,Sports,68.53,5.0,2.0,0,1
CUST_1150,PROD_009,Sports,68.53,11.0,7.0,3,3
CUST_1347,PROD_037,Beauty,55.81,9.0,3.0,2,8
CUST_1110,PROD_012,Beauty,60.35,5.0,3.0,2,1
CUST_1083,PROD_016,Sports,43.57,5.0,2.0,2,1
CUST_1106,PROD_004,Home & Kitchen,58.99,6.0,2.0,1,1
CUST_1279,PROD_035,Sports,65.18,11.0,8.0,2,5
CUST_1157,PROD_044,Books,26.09,11.0,3.0,3,1
CUST_1209,PROD_037,Beauty,55.81,16.0,5.0,2,1
CUST_1385,PROD_013,Electronics,481.7,3.0,0.0,0,0
CUST_1211,PROD_024,Beauty,39.24,2.0,1.0,1,0
CUST_1068,PROD_035,Sports,65.18,8.0,4.0,3,5
CUST_1015,PROD_035,Sports,,2.0,1.0,1,3
CUST_1042,PROD_034,Books,40.7,12.0,6.0,3,2
CUST_1068,PROD_009,Sports,68.53,6.0,1.0,1,5
CUST_1282,PROD_010,Books,20.8,12.0,2.0,0,0
CUST_1064,PROD_037,Beauty,55.81,5.0,1.0,1,8
CUST_1205,PROD_038,Clothing,90.16,11.0,7.0,3,12
CUST_1061,PROD_013,Electronics,481.7,6.0,2.0,0,2
CUST_1143,PROD_007,Home & Kitchen,,6.0,1.0,0,3
CUST_1246,PROD_029,Books,26.96,12.0,4.0,1,2
CUST_1063,PROD_016,Sports,43.57,12.0,10.0,3,8
CUST_1047,PROD_016,Sports,43.57,2.0,0.0,0,20
CUST_1292,PROD_040,Books,38.05,9.0,6.0,1,1
CUST_1198,PROD_049,Electronics,558.06,12.0,1.0,0,0
CUST_1376,PROD_036,Electronics,819.91,6.0,2.0,2,2
CUST_1075,PROD_035,Sports,65.18,6.0,3.0,0,2
CUST_1192,PROD_029,Books,26.96,10.0,6.0,3,12
CUST_1294,PROD_037,Beauty,55.81,8.0,4.0,0,5
CUST_1232,PROD_020,Beauty,62.3,14.0,9.0,1,1
CUST_1071,PROD_026,Books,35.77,7.0,2.0,0,2
CUST_1141,PROD_049,,558.06,7.0,1.0,0,3
CUST_1293,PROD_003,Beauty,31.38,14.0,5.0,0,5
CUST_1180,PROD_041,Electronics,304.61,7.0,3.0,1,2
CUST_1140,PROD_009,Sports,68.53,7.0,2.0,2,0
CUST_1359,PROD_007,Home & Kitchen,35.97,7.0,3.0,3,5
CUST_1386,PROD_013,Electronics,,9.0,4.0,3,3
CUST_1100,PROD_020,Beauty,62.3,7.0,4.0,2,1
CUST_1017,PROD_042,Beauty,22.83,25.0,13.0,2,1
CUST_1182,PROD_047,Home & Kitchen,51.47,12.0,7.0,0,20
CUST_1318,PROD_017,Sports,65.93,6.0,4.0,1,0
CUST_1133,PROD_030,Sports,67.63,5.0,1.0,0,0
CUST_1333,PROD_015,Books,29.59,5.0,3.0,3,0
CUST_1167,PROD_033,Clothing,71.37,5.0,0.0,0,12
CUST_1110,PROD_009,Sports,68.53,3.0,1.0,0,1
CUST_1240,PROD_036,Electronics,819.91,20.0,10.0,3,8
CUST_1192,PROD_025,,33.13,6.0,4.0,2,12
CUST_1082,PROD_046,Home & Kitchen,259.15,7.0,2.0,1,1
CUST_1066,PROD_036,Electronics,819.91,2.0,0.0,0,3
CUST_1031,PROD_005,Home & Kitchen,281.19,10.0,3.0,0,1
CUST_1311,PROD_012,Beauty,60.35,12.0,4.0,2,2
CUST_1025,PROD_043,Electronics,673.49,7.0,3.0,0,5
CUST_1281,PROD_030,,67.63,3.0,1.0,0,2
CUST_1342,PROD_013,Electronics,481.7,14.0,4.0,1,2
CUST_1017,PROD_038,Clothing,90.16,2.0,0.0,0,1
CUST_1057,PROD_002,,256.11,6.0,1.0,0,1
CUST_1138,PROD_034,Books,40.7,10.0,3.0,0,0
CUST_1374,PROD_013,,481.7,3.0,1.0,0,1
CUST_1155,PROD_038,Clothing,90.16,7.0,3.0,1,2
CUST_1206,PROD_013,Electronics,481.7,6.0,5.0,2,5
CUST_1166,PROD_030,Sports,67.63,2.0,0.0,0,3
CUST_1341,PROD_040,Books,38.05,2.0,0.0,0,2
CUST_1081,PROD_036,Electronics,819.91,7.0,,0,2
CUST_1172,PROD_043,Electronics,673.49,10.0,3.0,0,3
CUST_1258,PROD_002,Home & Kitchen,256.11,5.0,1.0,0,0
CUST_1170,PROD_009,Sports,,7.0,4.0,3,0
CUST_1372,PROD_050,Clothing,32.4,7.0,5.0,1,20
CUST_1265,PROD_017,Sports,65.93,10.0,2.0,0,0
CUST_1149,PROD_048,Clothing,35.06,2.0,0.0,0,1
CUST_1244,PROD_048,Clothing,35.06,7.0,2.0,1,0
CUST_1206,PROD_043,Electronics,673.49,5.0,1.0,0,5
CUST_1249,PROD_035,Sports,65.18,9.0,3.0,2,0
CUST_1186,PROD_042,Beauty,,5.0,2.0,2,3
CUST_1383,PROD_007,Home & Kitchen,35.97,15.0,7.0,0,0
CUST_1069,PROD_025,Books,33.13,6.0,3.0,3,0
CUST_1285,PROD_032,Clothing,120.77,6.0,4.0,1,5
CUST_1018,PROD_037,Beauty,55.81,6.0,5.0,1,8
CUST_1150,PROD_016,Sports,43.57,5.0,5.0,3,3
CUST_1243,PROD_022,Books,39.04,7.0,4.0,2,1
CUST_1036,PROD_020,Beauty,62.3,11.0,5.0,1,1
CUST_1345,PROD_023,Clothing,59.6,12.0,8.0,2,1
CUST_1010,PROD_012,Beauty,60.35,7.0,3.0,1,0
CUST_1357,PROD_030,Sports,67.63,13.0,5.0,3,12
CUST_1163,PROD_023,Clothing,59.6,13.0,4.0,3,1
CUST_1217,PROD_026,Books,35.77,13.0,7.0,1,1
CUST_1287,PROD_017,Sports,65.93,7.0,0.0,0,1
CUST_1394,PROD_034,Books,40.7,11.0,2.0,0,1
CUST_1203,PROD_037,Beauty,55.81,5.0,3.0,2,3
CUST_1138,PROD_043,Electronics,673.49,10.0,,0,0
CUST_1184,PROD_017,Sports,65.93,5.0,2.0,1,2
CUST_1165,PROD_042,Beauty,22.83,6.0,3.0,1,2
CUST_1382,PROD_025,Books,33.13,6.0,1.0,0,0
CUST_1292,PROD_028,Books,20.75,12.0,7.0,0,1
CUST_1370,PROD_013,Electronics,481.7,11.0,1.0,1,1
CUST_1281,PROD_049,Electronics,558.06,7.0,1.0,0,2
CUST_1021,PROD_004,Home & Kitchen,58.99,6.0,4.0,3,1
CUST_1330,PROD_048,Clothing,35.06,5.0,3.0,2,1
CUST_1035,PROD_038,Clothing,90.16,5.0,4.0,2,3
CUST_1271,PROD_048,Clothing,35.06,14.0,6.0,1,5
CUST_1029,PROD_017,Sports,65.93,11.0,4.0,0,0
CUST_1391,PROD_036,Electronics,819.91,6.0,4.0,1,8
CUST_1275,PROD_003,Beauty,31.38,23.0,5.0,0,1
CUST_1291,PROD_030,Sports,67.63,6.0,3.0,2,2
CUST_1022,PROD_044,Books,26.09,10.0,6.0,3,1
CUST_1246,PROD_029,Books,26.96,10.0,3.0,2,2
CUST_1297,PROD_026,Books,35.77,9.0,5.0,0,2
CUST_1241,PROD_050,Clothing,32.4,11.0,7.0,2,12
CUST_1147,PROD_041,Electronics,304.61,17.0,6.0,2,1
CUST_1165,PROD_042,Beauty,22.83,7.0,5.0,2,2
CUST_1271,PROD_023,,59.6,5.0,2.0,1,5
CUST_1304,PROD_031,Books,20.87,26.0,16.0,2,0
CUST_1121,PROD_042,Beauty,22.83,9.0,5.0,1,5
CUST_1286,PROD_009,Sports,68.53,16.0,5.0,3,2
CUST_1399,PROD_035,,65.18,9.0,5.0,2,8
CUST_1112,PROD_049,Electronics,558.06,6.0,3.0,0,2
CUST_1285,PROD_037,Beauty,55.81,4.0,1.0,0,5
CUST_1303,PROD_011,Books,41.36,3.0,0.0,0,0
CUST_1183,PROD_018,Books,40.44,9.0,6.0,1,1
CUST_1347,PROD_037,Beauty,55.81,10.0,5.0,1,8
CUST_1339,PROD_018,,40.44,2.0,2.0,2,2
CUST_1133,PROD_035,Sports,65.18,15.0,7.0,3,0
CUST_1108,PROD_041,Electronics,304.61,,0.0,0,0
CUST_1070,PROD_010,Books,20.8,5.0,3.0,1,8
CUST_1164,PROD_016,Sports,43.57,2.0,0.0,0,0
CUST_1281,PROD_013,Electronics,481.7,5.0,3.0,1,2
CUST_1385,PROD_003,Beauty,31.38,6.0,2.0,0,0
CUST_1130,PROD_003,Beauty,31.38,3.0,0.0,0,3
CUST_1269,PROD_005,Home & Kitchen,281.19,2.0,1.0,1,8
CUST_1228,PROD_022,Books,39.04,7.0,4.0,3,1
CUST_1114,PROD_043,Electronics,673.49,16.0,6.0,2,3
CUST_1020,PROD_042,Beauty,22.83,3.0,2.0,2,8
CUST_1096,PROD_013,Electronics,481.7,8.0,3.0,3,12
CUST_1238,PROD_049,Electronics,558.06,7.0,4.0,2,3
CUST_1146,PROD_002,Home & Kitchen,256.11,7.0,1.0,0,3
CUST_1245,PROD_032,Clothing,120.77,7.0,2.0,1,1
CUST_1020,PROD_037,Beauty,55.81,2.0,1.0,1,8
CUST_1004,PROD_013,Electronics,481.7,8.0,0.0,0,1
CUST_1016,PROD_026,Books,35.77,9.0,6.0,3,8
CUST_1295,PROD_045,Home & Kitchen,87.66,6.0,2.0,1,8
CUST_1161,PROD_050,Clothing,,5.0,3.0,2,0
CUST_1199,PROD_012,Beauty,60.35,7.0,5.0,1,5
CUST_1203,PROD_042,Beauty,22.83,13.0,,3,3
CUST_1293,PROD_005,,,3.0,0.0,0,5
CUST_1171,PROD_018,Books,40.44,12.0,3.0,2,2
CUST_1228,PROD_015,Books,29.59,6.0,3.0,3,1
CUST_1076,PROD_020,Beauty,62.3,8.0,4.0,1,1
CUST_1291,PROD_017,Sports,,11.0,6.0,1,2
CUST_1086,PROD_027,Home & Kitchen,293.7,8.0,2.0,0,1
CUST_1325,PROD_016,Sports,43.57,22.0,6.0,0,3
CUST_1227,PROD_017,Sports,65.93,7.0,3.0,0,1
CUST_1051,PROD_047,Home & Kitchen,51.47,4.0,1.0,0,5
CUST_1139,PROD_033,Clothing,71.37,4.0,0.0,0,2
CUST_1333,PROD_022,Books,39.04,5.0,0.0,0,0
CUST_1259,PROD_043,Electronics,673.49,17.0,6.0,1,5
CUST_1391,PROD_043,Electronics,673.49,7.0,3.0,0,8
CUST_1095,PROD_030,Sports,67.63,9.0,4.0,2,1
CUST_1294,PROD_042,Beauty,22.83,11.0,9.0,2,5
CUST_1393,PROD_030,Sports,67.63,16.0,8.0,0,8
CUST_1183,PROD_022,Books,39.04,7.0,5.0,2,1
CUST_1336,PROD_034,Books,40.7,15.0,9.0,3,1
CUST_1034,PROD_036,Electronics,819.91,4.0,1.0,0,1
CUST_1343,PROD_032,Clothing,120.77,5.0,4.0,2,1
CUST_1323,PROD_006,Books,18.86,8.0,1.0,0,1
CUST_1301,PROD_045,Home & Kitchen,87.66,7.0,3.0,2,0
CUST_1132,PROD_021,Clothing,143.36,8.0,2.0,0,2
CUST_1294,PROD_042,Beauty,22.83,7.0,5.0,2,5
CUST_1194,PROD_010,Books,20.8,8.0,3.0,2,12
CUST_1024,PROD_036,Electronics,819.91,12.0,5.0,2,3
CUST_1355,PROD_047,Home & Kitchen,51.47,4.0,1.0,0,1
CUST_1271,PROD_048,Clothing,35.06,6.0,2.0,2,5
CUST_1184,PROD_026,Books,35.77,3.0,0.0,0,2
CUST_1066,PROD_039,Clothing,145.48,4.0,0.0,0,3
CUST_1168,PROD_011,Books,41.36,7.0,0.0,0,0
CUST_1385,PROD_042,Beauty,22.83,5.0,1.0,1,0
CUST_1144,PROD_020,Beauty,62.3,9.0,5.0,1,2
CUST_1023,PROD_009,Sports,68.53,8.0,2.0,0,0
CUST_1078,PROD_016,Sports,43.57,14.0,6.0,3,1
CUST_1301,PROD_046,Home & Kitchen,259.15,5.0,3.0,2,0
CUST_1166,PROD_043,Electronics,673.49,6.0,0.0,0,3
CUST_1183,PROD_047,,51.47,5.0,2.0,1,1
CUST_1051,PROD_003,Beauty,31.38,20.0,7.0,1,5
CUST_1133,PROD_015,Books,29.59,18.0,1.0,0,0
CUST_1114,PROD_013,Electronics,481.7,5.0,3.0,3,3
CUST_1146,PROD_027,Home & Kitchen,293.7,5.0,1.0,1,3
CUST_1016,PROD_011,Books,41.36,9.0,3.0,0,8
CUST_1185,PROD_015,Books,29.59,6.0,2.0,1,1
CUST_1186,PROD_022,Books,39.04,5.0,1.0,0,3
CUST_1161,PROD_027,Home & Kitchen,293.7,9.0,0.0,0,0
CUST_1294,PROD_037,,55.81,10.0,2.0,2,5
CUST_1078,PROD_016,Sports,43.57,7.0,3.0,3,1
CUST_1076,PROD_012,,60.35,12.0,4.0,0,1
CUST_1239,PROD_030,Sports,67.63,14.0,7.0,0,1
CUST_1328,PROD_030,Sports,67.63,7.0,5.0,2,3
CUST_1167,PROD_023,Clothing,59.6,5.0,1.0,0,12
CUST_1273,PROD_022,Books,39.04,2.0,0.0,0,0
CUST_1368,PROD_019,Home & Kitchen,279.38,21.0,11.0,3,8
CUST_1295,PROD_021,Clothing,143.36,17.0,10.0,3,8
CUST_1013,PROD_012,Beauty,60.35,13.0,7.0,1,2
CUST_1327,PROD_005,Home & Kitchen,281.19,11.0,5.0,1,3
CUST_1103,PROD_016,Sports,43.57,7.0,4.0,1,3
CUST_1034,PROD_034,Books,40.7,9.0,4.0,3,1
CUST_1388,PROD_049,Electronics,558.06,8.0,1.0,1,0
CUST_1282,PROD_042,Beauty,22.83,20.0,11.0,1,0
CUST_1328,PROD_017,Sports,65.93,10.0,4.0,3,3
CUST_1026,PROD_049,Electronics,558.06,5.0,2.0,2,1
CUST_1069,PROD_016,Sports,43.57,4.0,1.0,0,0
CUST_1228,PROD_004,Home & Kitchen,58.99,8.0,2.0,0,1
CUST_1356,PROD_031,Books,20.87,10.0,6.0,1,8
CUST_1227,PROD_048,Clothing,35.06,10.0,3.0,2,1
CUST_1257,PROD_030,Sports,67.63,5.0,2.0,1,5
CUST_1392,PROD_049,Electronics,558.06,6.0,3.0,1,3
CUST_1006,PROD_027,Home & Kitchen,293.7,3.0,1.0,1,2
CUST_1038,PROD_016,Sports,43.57,7.0,2.0,2,2
CUST_1218,PROD_039,Clothing,145.48,8.0,1.0,0,5
CUST_1398,PROD_007,Home & Kitchen,35.97,6.0,3.0,1,2
CUST_1036,PROD_012,Beauty,60.35,6.0,3.0,2,1
CUST_1143,PROD_024,Beauty,39.24,8.0,,1,3
CUST_1294,PROD_024,Beauty,39.24,5.0,1.0,0,5
CUST_1195,PROD_031,Books,20.87,7.0,4.0,3,2
CUST_1113,PROD_011,Books,41.36,19.0,6.0,0,2
CUST_1155,PROD_023,Clothing,59.6,6.0,3.0,0,2
CUST_1364,PROD_024,Beauty,39.24,6.0,,0,0
CUST_1169,PROD_012,Beauty,60.35,10.0,5.0,3,0
CUST_1325,PROD_048,Clothing,35.06,10.0,3.0,0,3
CUST_1147,PROD_036,Electronics,819.91,17.0,3.0,0,1
CUST_1149,PROD_040,Books,38.05,15.0,2.0,0,1
CUST_1001,PROD_049,Electronics,558.06,2.0,0.0,0,1
CUST_1068,PROD_009,Sports,68.53,8.0,2.0,1,5
CUST_1024,PROD_013,Electronics,481.7,5.0,1.0,1,3
CUST_1041,PROD_030,Sports,67.63,6.0,2.0,0,0
CUST_1049,PROD_029,Books,26.96,2.0,1.0,0,0
CUST_1211,PROD_050,Clothing,32.4,11.0,6.0,1,0
CUST_1066,PROD_016,Sports,43.57,10.0,2.0,0,3
CUST_1375,PROD_024,Beauty,39.24,,7.0,1,0
CUST_1100,PROD_003,Beauty,31.38,8.0,5.0,3,1
CUST_1234,PROD_041,Electronics,304.61,4.0,0.0,0,0
CUST_1359,PROD_002,Home & Kitchen,256.11,22.0,7.0,0,5
CUST_1231,PROD_020,Beauty,,6.0,4.0,1,12
CUST_1370,PROD_041,Electronics,,5.0,1.0,0,1
CUST_1183,PROD_025,Books,33.13,8.0,2.0,1,1
CUST_1157,PROD_011,Books,41.36,6.0,2.0,2,1
CUST_1226,PROD_002,Home & Kitchen,256.11,6.0,0.0,0,2
CUST_1249,PROD_017,Sports,65.93,6.0,2.0,1,0
CUST_1354,PROD_010,Books,20.8,4.0,1.0,1,20
CUST_1098,PROD_042,Beauty,22.83,8.0,3.0,2,2
CUST_1118,PROD_031,Books,20.87,7.0,4.0,2,2
CUST_1006,PROD_020,Beauty,62.3,9.0,6.0,3,2
CUST_1142,PROD_042,Beauty,22.83,24.0,11.0,2,3
CUST_1365,PROD_025,Books,33.13,23.0,10.0,3,1
CUST_1311,PROD_005,Home & Kitchen,281.19,13.0,0.0,0,2
CUST_1288,PROD_033,Clothing,71.37,7.0,,0,3
CUST_1031,PROD_027,Home & Kitchen,293.7,15.0,8.0,1,1
CUST_1301,PROD_004,Home & Kitchen,58.99,12.0,7.0,3,0
CUST_1350,PROD_010,,20.8,8.0,6.0,3,5
CUST_1147,PROD_008,Clothing,113.86,11.0,0.0,0,1
CUST_1349,PROD_028,Books,20.75,3.0,0.0,0,1
CUST_1375,PROD_016,Sports,43.57,5.0,0.0,0,0
CUST_1097,PROD_030,Sports,67.63,6.0,2.0,0,1
CUST_1249,PROD_005,Home & Kitchen,281.19,4.0,0.0,0,0
CUST_1243,PROD_044,Books,26.09,12.0,6.0,0,1
CUST_1389,PROD_002,Home & Kitchen,256.11,8.0,5.0,1,3
CUST_1132,PROD_003,Beauty,31.38,5.0,0.0,0,2
CUST_1177,PROD_048,Clothing,35.06,7.0,4.0,2,3
CUST_1158,PROD_032,Clothing,120.77,14.0,7.0,3,8
CUST_1050,PROD_036,Electronics,819.91,4.0,0.0,0,0
CUST_1303,PROD_042,Beauty,22.83,7.0,1.0,0,0
CUST_1351,PROD_035,Sports,65.18,16.0,10.0,3,1
CUST_1382,PROD_036,Electronics,819.91,9.0,2.0,2,0
CUST_1268,PROD_003,Beauty,31.38,7.0,4.0,3,20
CUST_1316,PROD_014,Clothing,26.07,10.0,8.0,1,5
CUST_1326,PROD_009,Sports,68.53,29.0,13.0,2,0
CUST_1018,PROD_002,Home & Kitchen,256.11,3.0,0.0,0,8
CUST_1287,PROD_038,Clothing,90.16,11.0,5.0,0,1
CUST_1030,PROD_005,Home & Kitchen,281.19,14.0,0.0,0,1
CUST_1357,PROD_016,Sports,43.57,11.0,,2,12
CUST_1330,PROD_050,Clothing,32.4,15.0,8.0,1,1
CUST_1108,PROD_041,Electronics,304.61,9.0,3.0,0,0
CUST_1241,PROD_023,Clothing,59.6,5.0,3.0,2,12
CUST_1187,PROD_045,Home & Kitchen,87.66,5.0,3.0,3,0
CUST_1038,PROD_037,Beauty,55.81,9.0,1.0,0,2
CUST_1054,PROD_046,Home & Kitchen,259.15,9.0,3.0,2,1
CUST_1359,PROD_004,Home & Kitchen,58.99,8.0,3.0,0,5
CUST_1296,PROD_015,Books,29.59,10.0,2.0,0,5
CUST_1016,PROD_031,Books,20.87,6.0,3.0,1,8
CUST_1039,PROD_017,Sports,65.93,14.0,5.0,2,0
CUST_1124,PROD_017,Sports,65.93,7.0,3.0,2,2
CUST_1110,PROD_004,Home & Kitchen,58.99,8.0,2.0,1,1
CUST_1224,PROD_026,Books,35.77,11.0,6.0,3,5
CUST_1038,PROD_008,Clothing,113.86,10.0,5.0,0,2
CUST_1206,PROD_016,Sports,43.57,13.0,5.0,2,5
CUST_1099,PROD_034,Books,40.7,,2.0,1,5
CUST_1183,PROD_044,Books,26.09,6.0,1.0,1,1
CUST_1120,PROD_041,Electronics,304.61,5.0,0.0,0,2
CUST_1362,PROD_015,Books,29.59,9.0,7.0,1,0
CUST_1384,PROD_035,Sports,65.18,6.0,2.0,1,0
CUST_1142,PROD_042,Beauty,,19.0,12.0,2,3
CUST_1015,PROD_047,Home & Kitchen,51.47,17.0,9.0,2,3
CUST_1365,PROD_019,Home & Kitchen,279.38,3.0,0.0,0,1
CUST_1071,PROD_008,Clothing,113.86,14.0,5.0,3,2
CUST_1160,PROD_024,Beauty,39.24,6.0,,0,0
CUST_1331,PROD_004,Home & Kitchen,58.99,5.0,2.0,0,1
CUST_1036,PROD_031,Books,20.87,5.0,2.0,0,1
CUST_1015,PROD_002,Home & Kitchen,256.11,7.0,2.0,0,3
CUST_1068,PROD_030,Sports,67.63,5.0,2.0,1,5
CUST_1285,PROD_050,Clothing,32.4,5.0,1.0,0,5
CUST_1368,PROD_002,Home & Kitchen,256.11,8.0,1.0,1,8
CUST_1019,PROD_048,Clothing,35.06,,2.0,1,0
CUST_1353,PROD_019,Home & Kitchen,279.38,17.0,4.0,0,0
CUST_1390,PROD_032,Clothing,120.77,5.0,3.0,3,8
CUST_1031,PROD_027,Home & Kitchen,293.7,15.0,4.0,1,1
CUST_1033,PROD_017,Sports,65.93,26.0,20.0,2,12
CUST_1343,PROD_010,Books,20.8,11.0,4.0,0,1
CUST_1192,PROD_031,Books,20.87,5.0,3.0,3,12
CUST_1177,PROD_023,Clothing,59.6,8.0,5.0,1,3
CUST_1397,PROD_046,Home & Kitchen,259.15,26.0,,0,2
CUST_1363,PROD_032,Clothing,120.77,10.0,5.0,3,1
CUST_1152,PROD_038,Clothing,90.16,5.0,4.0,0,2
CUST_1158,PROD_014,Clothing,26.07,6.0,2.0,1,8
CUST_1114,PROD_019,Home & Kitchen,279.38,6.0,0.0,0,3
CUST_1162,PROD_047,Home & Kitchen,51.47,18.0,10.0,1,5
CUST_1119,PROD_016,Sports,,8.0,4.0,1,1
CUST_1126,PROD_020,Beauty,62.3,9.0,5.0,1,1
CUST_1082,PROD_046,Home & Kitchen,259.15,11.0,5.0,3,1
CUST_1042,PROD_006,Books,18.86,7.0,1.0,0,2
CUST_1124,PROD_038,Clothing,90.16,4.0,2.0,1,2
CUST_1026,PROD_019,Home & Kitchen,279.38,5.0,2.0,1,1
CUST_1359,PROD_019,Home & Kitchen,279.38,,3.0,1,5
CUST_1126,PROD_037,Beauty,55.81,7.0,5.0,3,1
CUST_1020,PROD_001,Books,57.63,6.0,2.0,0,8
CUST_1088,PROD_032,Clothing,120.77,6.0,0.0,0,3
CUST_1300,PROD_004,Home & Kitchen,58.99,8.0,6.0,1,2
CUST_1193,PROD_046,Home & Kitchen,259.15,10.0,3.0,1,0
CUST_1026,PROD_041,Electronics,304.61,10.0,1.0,0,1
CUST_1159,PROD_036,Electronics,819.91,12.0,3.0,0,2
CUST_1190,PROD_017,Sports,65.93,11.0,6.0,1,1
CUST_1046,PROD_035,,65.18,8.0,5.0,1,1
CUST_1150,PROD_035,Sports,65.18,12.0,7.0,2,3
CUST_1033,PROD_014,Clothing,26.07,2.0,0.0,0,12
CUST_1214,PROD_037,Beauty,55.81,8.0,3.0,2,1
CUST_1022,PROD_036,Electronics,819.91,3.0,0.0,0,1
CUST_1235,PROD_002,Home & Kitchen,256.11,6.0,4.0,3,3
CUST_1003,PROD_022,Books,39.04,,5.0,3,8
CUST_1061,PROD_036,Electronics,819.91,5.0,,1,2
CUST_1336,PROD_044,Books,26.09,10.0,4.0,1,1
CUST_1149,PROD_037,Beauty,55.81,14.0,5.0,0,1
CUST_1336,PROD_026,Books,35.77,5.0,4.0,3,1
CUST_1278,PROD_050,Clothing,32.4,6.0,2.0,2,2
CUST_1313,PROD_014,Clothing,26.07,14.0,8.0,3,8
CUST_1091,PROD_021,Clothing,,3.0,0.0,0,0
CUST_1090,PROD_012,Beauty,60.35,28.0,16.0,2,2
CUST_1333,PROD_018,Books,40.44,5.0,2.0,2,0
CUST_1194,PROD_028,Books,20.75,5.0,3.0,1,12
CUST_1123,PROD_015,Books,29.59,10.0,5.0,3,0
CUST_1097,PROD_008,Clothing,113.86,16.0,1.0,0,1
CUST_1126,PROD_012,Beauty,60.35,14.0,7.0,1,1
CUST_1021,PROD_019,Home & Kitchen,279.38,12.0,2.0,2,1
CUST_1260,PROD_050,Clothing,32.4,,,1,20
CUST_1195,PROD_010,Books,20.8,6.0,2.0,2,2
CUST_1139,PROD_013,Electronics,481.7,7.0,2.0,0,2
CUST_1107,PROD_044,Books,26.09,4.0,0.0,0,3
CUST_1370,PROD_028,Books,20.75,12.0,0.0,0,1
CUST_1343,PROD_008,Clothing,,6.0,1.0,0,1
CUST_1066,PROD_019,Home & Kitchen,279.38,5.0,2.0,1,3
CUST_1172,PROD_027,Home & Kitchen,293.7,19.0,4.0,1,3
CUST_1016,PROD_044,Books,26.09,8.0,3.0,1,8
CUST_1206,PROD_043,Electronics,673.49,11.0,7.0,1,5
CUST_1344,PROD_021,Clothing,143.36,5.0,1.0,1,8
CUST_1243,PROD_011,Books,41.36,6.0,5.0,0,1
CUST_1164,PROD_024,Beauty,39.24,8.0,1.0,0,0
CUST_1244,PROD_021,Clothing,143.36,5.0,4.0,2,0
CUST_1393,PROD_027,Home & Kitchen,293.7,6.0,1.0,0,8
CUST_1120,PROD_023,Clothing,59.6,9.0,7.0,3,2
CUST_1218,PROD_004,Home & Kitchen,58.99,5.0,5.0,3,5
CUST_1399,PROD_009,Sports,68.53,5.0,5.0,1,8
CUST_1112,PROD_036,Electronics,819.91,11.0,1.0,0,2
CUST_1235,PROD_001,Books,57.63,2.0,0.0,0,3
CUST_1347,PROD_036,Electronics,819.91,5.0,0.0,0,8
CUST_1248,PROD_048,Clothing,35.06,2.0,0.0,0,20
CUST_1037,PROD_043,Electronics,673.49,17.0,6.0,0,1
CUST_1337,PROD_028,Books,20.75,8.0,3.0,0,2
CUST_1297,PROD_022,Books,39.04,14.0,7.0,1,2
CUST_1131,PROD_023,Clothing,59.6,6.0,0.0,0,0
CUST_1359,PROD_010,Books,20.8,3.0,1.0,1,5
CUST_1287,PROD_008,Clothing,113.86,5.0,3.0,3,1
CUST_1382,PROD_017,Sports,65.93,8.0,3.0,3,0
CUST_1310,PROD_025,Books,33.13,13.0,1.0,0,0
CUST_1074,PROD_030,Sports,67.63,14.0,6.0,3,2
CUST_1286,PROD_030,Sports,67.63,7.0,5.0,2,2
CUST_1094,PROD_003,Beauty,31.38,11.0,5.0,2,1
CUST_1060,PROD_020,Beauty,62.3,5.0,1.0,1,0
CUST_1216,PROD_013,Electronics,481.7,12.0,4.0,0,2
CUST_1321,PROD_035,Sports,65.18,7.0,1.0,0,2
CUST_1152,PROD_033,Clothing,,12.0,6.0,1,2
CUST_1357,PROD_039,Clothing,,5.0,2.0,0,12
CUST_1348,PROD_024,,39.24,5.0,2.0,2,0
CUST_1097,PROD_011,Books,41.36,10.0,2.0,0,1
CUST_1006,PROD_027,Home & Kitchen,293.7,3.0,1.0,1,2
CUST_1130,PROD_021,,143.36,2.0,1.0,1,3
CUST_1179,PROD_035,Sports,65.18,2.0,0.0,0,5
CUST_1246,PROD_011,Books,41.36,5.0,3.0,2,2
CUST_1386,PROD_046,Home & Kitchen,259.15,5.0,1.0,0,3
CUST_1295,PROD_027,Home & Kitchen,293.7,,0.0,0,8
CUST_1207,PROD_011,Books,41.36,8.0,2.0,0,5
CUST_1118,PROD_036,Electronics,819.91,4.0,0.0,0,2
CUST_1009,PROD_008,Clothing,113.86,9.0,2.0,2,0
CUST_1398,PROD_047,Home & Kitchen,51.47,12.0,8.0,1,2
CUST_1220,PROD_033,Clothing,71.37,10.0,4.0,2,8
CUST_1147,PROD_043,Electronics,673.49,14.0,7.0,0,1
CUST_1176,PROD_047,,51.47,3.0,0.0,0,3
CUST_1334,PROD_036,Electronics,819.91,9.0,3.0,3,5
CUST_1020,PROD_015,Books,29.59,9.0,6.0,1,8
CUST_1242,PROD_001,Books,57.63,2.0,0.0,0,2
CUST_1299,PROD_023,Clothing,59.6,8.0,4.0,2,1
CUST_1263,PROD_017,,65.93,6.0,4.0,3,5
CUST_1027,PROD_016,Sports,,10.0,4.0,1,2
CUST_1016,PROD_011,Books,41.36,7.0,3.0,3,8
CUST_1377,PROD_035,Sports,65.18,11.0,3.0,2,1
CUST_1118,PROD_044,Books,26.09,9.0,3.0,3,2
CUST_1130,PROD_002,Home & Kitchen,256.11,6.0,3.0,0,3
CUST_1040,PROD_048,Clothing,35.06,2.0,0.0,0,3
CUST_1326,PROD_009,Sports,68.53,11.0,5.0,1,0
CUST_1179,PROD_013,Electronics,481.7,9.0,5.0,0,5
CUST_1246,PROD_001,Books,57.63,13.0,5.0,0,2
CUST_1211,PROD_001,Books,57.63,,0.0,0,0
CUST_1004,PROD_034,Books,,9.0,3.0,2,1
CUST_1050,PROD_005,Home & Kitchen,281.19,30.0,7.0,0,0
CUST_1195,PROD_011,Books,41.36,36.0,21.0,2,2
CUST_1072,PROD_030,Sports,67.63,6.0,4.0,0,12
CUST_1211,PROD_008,Clothing,113.86,5.0,2.0,0,0
CUST_1122,PROD_014,Clothing,26.07,7.0,3.0,1,0
CUST_1338,PROD_040,Books,38.05,6.0,1.0,1,1
CUST_1363,PROD_050,Clothing,32.4,7.0,0.0,0,1
CUST_1289,PROD_007,Home & Kitchen,,5.0,1.0,0,0
CUST_1112,PROD_043,Electronics,673.49,10.0,4.0,0,2
CUST_1075,PROD_012,Beauty,60.35,3.0,0.0,0,2
CUST_1308,PROD_018,Books,40.44,,3.0,0,0
CUST_1064,PROD_001,Books,57.63,2.0,1.0,1,8
CUST_1087,PROD_032,Clothing,,8.0,1.0,1,2
CUST_1244,PROD_023,Clothing,59.6,7.0,3.0,2,0
CUST_1067,PROD_005,Home & Kitchen,281.19,6.0,1.0,1,5
CUST_1314,PROD_043,Electronics,673.49,7.0,4.0,2,2
CUST_1161,PROD_032,Clothing,120.77,25.0,11.0,1,0
CUST_1028,PROD_049,Electronics,558.06,6.0,4.0,2,2
CUST_1018,PROD_046,Home & Kitchen,259.15,16.0,2.0,0,8
CUST_1162,PROD_047,Home & Kitchen,51.47,7.0,4.0,1,5
CUST_1033,PROD_009,Sports,68.53,7.0,3.0,3,12
CUST_1209,PROD_026,Books,35.77,3.0,0.0,0,1
CUST_1311,PROD_002,Home & Kitchen,256.11,17.0,0.0,0,2
CUST_1011,PROD_007,Home & Kitchen,35.97,3.0,0.0,0,1
CUST_1319,PROD_012,Beauty,60.35,5.0,4.0,3,0
CUST_1388,PROD_024,Beauty,39.24,5.0,3.0,3,0
CUST_1220,PROD_019,Home & Kitchen,279.38,12.0,3.0,3,8
CUST_1161,PROD_014,Clothing,26.07,5.0,3.0,1,0
CUST_1062,PROD_037,Beauty,55.81,11.0,2.0,0,1
CUST_1154,PROD_018,Books,40.44,2.0,1.0,1,3
CUST_1320,PROD_040,Books,38.05,7.0,5.0,3,5
CUST_1141,PROD_044,Books,26.09,10.0,0.0,0,3
CUST_1116,PROD_020,Beauty,62.3,7.0,3.0,3,5
CUST_1048,PROD_030,Sports,67.63,10.0,3.0,2,2
CUST_1079,PROD_028,Books,20.75,15.0,,3,1
CUST_1368,PROD_030,Sports,67.63,3.0,1.0,1,8
CUST_1256,PROD_050,Clothing,32.4,17.0,6.0,0,0
CUST_1124,PROD_027,Home & Kitchen,293.7,7.0,1.0,0,2
CUST_1358,PROD_035,Sports,65.18,8.0,4.0,1,0
CUST_1400,PROD_039,Clothing,145.48,6.0,0.0,0,1
CUST_1291,PROD_016,Sports,43.57,7.0,3.0,3,2
CUST_1224,PROD_040,Books,38.05,10.0,3.0,2,5
CUST_1396,PROD_013,Electronics,481.7,7.0,2.0,0,1
CUST_1183,PROD_010,Books,20.8,20.0,9.0,1,1
CUST_1082,PROD_022,Books,39.04,4.0,0.0,0,1
CUST_1181,PROD_012,Beauty,60.35,13.0,8.0,2,3
CUST_1122,PROD_014,Clothing,26.07,10.0,4.0,2,0
CUST_1227,PROD_035,Sports,65.18,7.0,3.0,3,1
CUST_1102,PROD_048,Clothing,35.06,16.0,7.0,0,2
CUST_1029,PROD_005,Home & Kitchen,281.19,32.0,3.0,0,0
CUST_1247,PROD_028,Books,20.75,8.0,5.0,1,1
CUST_1022,PROD_006,Books,18.86,5.0,3.0,3,1
CUST_1237,PROD_043,Electronics,673.49,10.0,4.0,3,0
CUST_1277,PROD_038,Clothing,90.16,12.0,3.0,0,1
CUST_1346,PROD_004,Home & Kitchen,58.99,8.0,6.0,2,20
CUST_1152,PROD_033,Clothing,71.37,10.0,6.0,3,2
CUST_1375,PROD_018,Books,40.44,2.0,0.0,0,0
CUST_1301,PROD_047,,51.47,6.0,4.0,1,0
CUST_1012,PROD_032,Clothing,120.77,3.0,0.0,0,8
CUST_1224,PROD_011,Books,41.36,24.0,13.0,1,5
CUST_1078,PROD_039,Clothing,145.48,2.0,0.0,0,1
CUST_1033,PROD_041,Electronics,304.61,4.0,1.0,1,12
CUST_1036,PROD_022,Books,39.04,5.0,1.0,0,1
CUST_1380,PROD_001,Books,57.63,9.0,6.0,2,1
CUST_1028,PROD_012,Beauty,60.35,2.0,0.0,0,2
CUST_1097,PROD_007,Home & Kitchen,35.97,12.0,2.0,0,1
CUST_1015,PROD_007,Home & Kitchen,35.97,8.0,5.0,1,3
CUST_1331,PROD_046,Home & Kitchen,259.15,9.0,1.0,0,1
CUST_1275,PROD_032,Clothing,120.77,5.0,1.0,1,1
CUST_1090,PROD_042,Beauty,22.83,6.0,3.0,1,2
CUST_1155,PROD_006,Books,18.86,2.0,0.0,0,2
CUST_1129,PROD_031,,20.87,7.0,3.0,1,1
CUST_1304,PROD_001,Books,57.63,24.0,11.0,1,0
CUST_1188,PROD_036,Electronics,819.91,12.0,6.0,0,2
CUST_1014,PROD_016,Sports,43.57,6.0,1.0,0,1
CUST_1008,PROD_049,Electronics,558.06,7.0,1.0,0,3
CUST_1125,PROD_024,Beauty,39.24,8.0,4.0,1,2
CUST_1308,PROD_027,,293.7,5.0,1.0,1,0
CUST_1165,PROD_012,Beauty,60.35,14.0,7.0,1,2
CUST_1241,PROD_021,Clothing,143.36,24.0,9.0,3,12
CUST_1171,PROD_019,,,6.0,1.0,1,2
CUST_1068,PROD_016,Sports,43.57,5.0,3.0,1,5
CUST_1333,PROD_044,Books,26.09,6.0,5.0,3,0
CUST_1196,PROD_003,Beauty,31.38,5.0,2.0,2,0
CUST_1256,PROD_022,Books,39.04,3.0,0.0,0,0
CUST_1239,PROD_016,Sports,43.57,7.0,2.0,0,1
CUST_1202,PROD_030,Sports,67.63,8.0,3.0,3,2
CUST_1048,PROD_035,Sports,65.18,5.0,3.0,2,2
CUST_1143,PROD_024,Beauty,39.24,16.0,9.0,1,3
CUST_1359,PROD_019,Home & Kitchen,279.38,6.0,4.0,0,5
CUST_1181,PROD_005,Home & Kitchen,281.19,2.0,0.0,0,3
CUST_1118,PROD_019,Home & Kitchen,279.38,10.0,1.0,0,2
CUST_1270,PROD_036,Electronics,819.91,7.0,0.0,0,3
CUST_1032,PROD_043,Electronics,673.49,10.0,3.0,0,1
CUST_1312,PROD_026,Books,35.77,9.0,3.0,0,2
CUST_1225,PROD_010,Books,20.8,8.0,1.0,0,3
CUST_1343,PROD_021,Clothing,143.36,6.0,3.0,2,1
CUST_1030,PROD_044,Books,26.09,6.0,3.0,0,1
CUST_1059,PROD_009,Sports,,5.0,2.0,1,3
CUST_1105,PROD_009,Sports,68.53,13.0,5.0,3,1
CUST_1031,PROD_032,Clothing,120.77,3.0,0.0,0,1
CUST_1102,PROD_038,Clothing,90.16,5.0,3.0,2,2
CUST_1292,PROD_029,Books,,7.0,4.0,3,1
CUST_1278,PROD_043,Electronics,673.49,2.0,0.0,0,2
CUST_1021,PROD_010,,20.8,4.0,2.0,2,1
CUST_1246,PROD_038,Clothing,90.16,2.0,0.0,0,2
CUST_1288,PROD_048,Clothing,35.06,6.0,3.0,1,3
CUST_1157,PROD_022,Books,39.04,7.0,1.0,1,1
CUST_1157,PROD_025,Books,33.13,13.0,6.0,1,1
CUST_1308,PROD_033,Clothing,71.37,5.0,1.0,0,0
CUST_1223,PROD_032,Clothing,120.77,12.0,1.0,0,0
CUST_1131,PROD_026,Books,35.77,6.0,3.0,0,0
CUST_1283,PROD_007,Home & Kitchen,35.97,6.0,3.0,2,1
CUST_1218,PROD_004,Home & Kitchen,58.99,9.0,3.0,1,5
CUST_1200,PROD_036,Electronics,819.91,6.0,2.0,1,0
CUST_1031,PROD_047,Home & Kitchen,51.47,9.0,6.0,3,1
CUST_1288,PROD_017,Sports,65.93,10.0,4.0,0,3
CUST_1199,PROD_020,Beauty,62.3,11.0,7.0,2,5
CUST_1392,PROD_013,Electronics,481.7,6.0,1.0,1,3
CUST_1287,PROD_014,Clothing,26.07,5.0,2.0,0,1
CUST_1232,PROD_020,Beauty,62.3,8.0,4.0,0,1
CUST_1353,PROD_005,Home & Kitchen,,,0.0,0,0
CUST_1190,PROD_016,Sports,43.57,5.0,3.0,3,1
CUST_1313,PROD_014,Clothing,26.07,7.0,2.0,1,8
CUST_1393,PROD_021,Clothing,143.36,10.0,2.0,0,8
CUST_1118,PROD_015,Books,29.59,6.0,4.0,1,2
CUST_1149,PROD_009,,68.53,2.0,0.0,0,1
CUST_1362,PROD_001,,57.63,17.0,8.0,1,0
CUST_1077,PROD_007,Home & Kitchen,35.97,5.0,1.0,0,0
CUST_1282,PROD_020,Beauty,62.3,,2.0,0,0
CUST_1302,PROD_049,Electronics,558.06,7.0,2.0,0,2
CUST_1346,PROD_047,Home & Kitchen,51.47,5.0,4.0,2,20
CUST_1055,PROD_048,Clothing,35.06,4.0,3.0,1,12
CUST_1259,PROD_011,Books,,4.0,1.0,0,5
CUST_1026,PROD_013,Electronics,481.7,5.0,3.0,0,1
CUST_1296,PROD_038,Clothing,90.16,7.0,2.0,1,5
CUST_1319,PROD_012,Beauty,60.35,10.0,4.0,2,0
CUST_1008,PROD_024,Beauty,39.24,4.0,1.0,0,3
CUST_1250,PROD_043,Electronics,673.49,5.0,3.0,0,1
CUST_1180,PROD_006,Books,18.86,2.0,1.0,0,2
CUST_1137,PROD_043,Electronics,673.49,6.0,2.0,1,3
CUST_1382,PROD_031,Books,20.87,7.0,4.0,3,0
CUST_1177,PROD_013,Electronics,481.7,16.0,1.0,0,3
CUST_1063,PROD_035,Sports,65.18,13.0,8.0,3,8
CUST_1330,PROD_037,Beauty,55.81,17.0,3.0,0,1
CUST_1312,PROD_045,,87.66,3.0,1.0,1,2
CUST_1255,PROD_012,Beauty,60.35,,8.0,3,2
CUST_1277,PROD_041,Electronics,304.61,4.0,1.0,1,1
CUST_1389,PROD_047,Home & Kitchen,51.47,10.0,7.0,3,3
CUST_1229,PROD_036,Electronics,819.91,5.0,0.0,0,1
CUST_1065,PROD_005,Home & Kitchen,281.19,5.0,0.0,0,1
CUST_1342,PROD_049,Electronics,558.06,6.0,3.0,2,2
CUST_1309,PROD_027,Home & Kitchen,293.7,2.0,0.0,0,1
CUST_1221,PROD_011,,41.36,3.0,2.0,2,2
CUST_1318,PROD_008,Clothing,113.86,,0.0,0,0
CUST_1165,PROD_003,Beauty,,8.0,4.0,3,2
CUST_1257,PROD_035,Sports,65.18,5.0,4.0,1,5
CUST_1296,PROD_021,Clothing,143.36,6.0,3.0,2,5
CUST_1141,PROD_043,Electronics,673.49,6.0,1.0,0,3
CUST_1341,PROD_032,Clothing,120.77,17.0,11.0,3,2
CUST_1096,PROD_041,,304.61,25.0,13.0,3,12
CUST_1359,PROD_018,Books,40.44,2.0,0.0,1,5
CUST_1116,PROD_027,Home & Kitchen,293.7,9.0,1.0,0,5
CUST_1336,PROD_025,Books,33.13,7.0,2.0,1,1
CUST_1323,PROD_016,Sports,43.57,9.0,4.0,0,1
CUST_1322,PROD_010,Books,20.8,7.0,4.0,1,0
CUST_1144,PROD_020,Beauty,62.3,6.0,,2,2
CUST_1300,PROD_046,Home & Kitchen,259.15,11.0,3.0,3,2
CUST_1197,PROD_024,Beauty,39.24,2.0,0.0,0,1
CUST_1085,PROD_027,Home & Kitchen,293.7,17.0,11.0,2,8
CUST_1314,PROD_043,Electronics,673.49,14.0,4.0,2,2
CUST_1017,PROD_024,Beauty,39.24,21.0,14.0,1,1
CUST_1226,PROD_045,Home & Kitchen,87.66,11.0,6.0,0,2
CUST_1024,PROD_041,Electronics,304.61,8.0,1.0,1,3
CUST_1215,PROD_025,Books,33.13,8.0,3.0,1,1
CUST_1297,PROD_011,Books,41.36,12.0,5.0,1,2
CUST_1164,PROD_006,Books,18.86,6.0,1.0,1,0
CUST_1158,PROD_038,Clothing,90.16,7.0,5.0,1,8
CUST_1004,PROD_036,Electronics,819.91,5.0,1.0,0,1
CUST_1047,PROD_027,Home & Kitchen,293.7,3.0,0.0,0,20
CUST_1151,PROD_034,Books,40.7,9.0,3.0,3,0
CUST_1053,PROD_046,Home & Kitchen,259.15,17.0,4.0,0,3
CUST_1011,PROD_043,Electronics,673.49,19.0,6.0,0,1
CUST_1039,PROD_035,Sports,65.18,12.0,5.0,1,0
CUST_1127,PROD_030,Sports,67.63,2.0,0.0,0,3
CUST_1347,PROD_037,Beauty,55.81,5.0,5.0,3,8
CUST_1370,PROD_023,Clothing,59.6,6.0,1.0,1,1
CUST_1213,PROD_041,Electronics,,12.0,0.0,0,2
CUST_1044,PROD_040,Books,38.05,9.0,3.0,2,0
CUST_1315,PROD_012,Beauty,60.35,11.0,4.0,1,1
CUST_1288,PROD_039,Clothing,145.48,6.0,4.0,1,3
CUST_1073,PROD_044,Books,26.09,21.0,2.0,0,0
CUST_1393,PROD_017,Sports,65.93,5.0,2.0,0,8
CUST_1342,PROD_038,Clothing,90.16,6.0,1.0,0,2
CUST_1396,PROD_008,Clothing,113.86,5.0,0.0,0,1
CUST_1343,PROD_038,Clothing,90.16,11.0,6.0,2,1
CUST_1098,PROD_003,Beauty,31.38,11.0,4.0,3,2
CUST_1227,PROD_038,Clothing,90.16,9.0,4.0,0,1
CUST_1287,PROD_050,Clothing,32.4,8.0,4.0,1,1
CUST_1236,PROD_005,Home & Kitchen,281.19,21.0,5.0,2,2
CUST_1073,PROD_050,Clothing,32.4,,3.0,0,0
CUST_1180,PROD_013,Electronics,481.7,5.0,2.0,0,2
CUST_1284,PROD_049,Electronics,558.06,14.0,2.0,0,3
CUST_1289,PROD_030,Sports,67.63,4.0,1.0,0,0
CUST_1196,PROD_020,Beauty,62.3,11.0,5.0,0,0
CUST_1040,PROD_041,Electronics,304.61,6.0,1.0,0,3
CUST_1227,PROD_035,Sports,65.18,9.0,4.0,1,1
CUST_1162,PROD_002,Home & Kitchen,256.11,12.0,6.0,2,5
CUST_1114,PROD_049,Electronics,558.06,10.0,2.0,0,3
CUST_1391,PROD_014,Clothing,,3.0,2.0,2,8
CUST_1220,PROD_049,,558.06,3.0,1.0,0,8
CUST_1077,PROD_043,Electronics,673.49,12.0,,2,0
CUST_1319,PROD_020,Beauty,62.3,9.0,4.0,1,0
CUST_1352,PROD_041,Electronics,304.61,9.0,1.0,1,0
CUST_1050,PROD_024,Beauty,39.24,3.0,1.0,0,0
CUST_1348,PROD_012,Beauty,60.35,6.0,1.0,0,0
CUST_1326,PROD_035,Sports,65.18,18.0,7.0,0,0
CUST_1373,PROD_007,Home & Kitchen,35.97,5.0,1.0,1,3
CUST_1101,PROD_031,Books,20.87,4.0,2.0,1,1
CUST_1281,PROD_013,Electronics,481.7,6.0,1.0,0,2
CUST_1300,PROD_003,Beauty,31.38,2.0,0.0,0,2
CUST_1105,PROD_030,Sports,67.63,9.0,5.0,0,1
CUST_1380,PROD_021,Clothing,143.36,2.0,0.0,0,1
CUST_1124,PROD_023,Clothing,59.6,2.0,0.0,0,2
CUST_1210,PROD_027,Home & Kitchen,293.7,4.0,0.0,0,5
CUST_1125,PROD_020,Beauty,,12.0,7.0,3,2
CUST_1362,PROD_009,Sports,68.53,9.0,2.0,2,0
CUST_1002,PROD_047,Home & Kitchen,51.47,8.0,5.0,0,2
CUST_1106,PROD_005,Home & Kitchen,281.19,18.0,5.0,3,1
CUST_1167,PROD_013,Electronics,481.7,12.0,6.0,3,12
CUST_1132,PROD_039,Clothing,145.48,5.0,3.0,2,2
CUST_1355,PROD_030,Sports,67.63,5.0,2.0,1,1
CUST_1093,PROD_040,Books,38.05,8.0,5.0,2,12
CUST_1184,PROD_020,Beauty,62.3,10.0,0.0,0,2
CUST_1045,PROD_046,Home & Kitchen,259.15,15.0,5.0,0,1
CUST_1384,PROD_017,Sports,65.93,7.0,3.0,2,0
CUST_1122,PROD_050,Clothing,32.4,7.0,3.0,2,0
CUST_1091,PROD_016,Sports,43.57,10.0,1.0,0,0
CUST_1160,PROD_009,Sports,68.53,4.0,1.0,0,0
CUST_1067,PROD_047,Home & Kitchen,,7.0,6.0,2,5
CUST_1324,PROD_008,Clothing,113.86,10.0,2.0,0,1
CUST_1089,PROD_036,Electronics,819.91,9.0,3.0,2,0
CUST_1342,PROD_028,Books,20.75,4.0,0.0,0,2
CUST_1080,PROD_045,Home & Kitchen,87.66,10.0,2.0,0,3
CUST_1035,PROD_014,Clothing,26.07,5.0,3.0,3,3
CUST_1252,PROD_012,Beauty,60.35,6.0,5.0,0,0
CUST_1151,PROD_040,Books,38.05,7.0,3.0,3,0
CUST_1066,PROD_007,Home & Kitchen,35.97,5.0,3.0,2,3
CUST_1292,PROD_040,Books,38.05,26.0,14.0,3,1
CUST_1387,PROD_001,Books,57.63,16.0,6.0,1,0
CUST_1151,PROD_010,Books,20.8,5.0,2.0,1,0
CUST_1377,PROD_035,Sports,65.18,5.0,3.0,1,1
CUST_1289,PROD_047,Home & Kitchen,51.47,5.0,4.0,2,0
CUST_1132,PROD_028,Books,20.75,2.0,0.0,0,2
CUST_1374,PROD_010,Books,20.8,7.0,,1,1
CUST_1109,PROD_015,Books,29.59,3.0,0.0,0,1
CUST_1020,PROD_028,Books,20.75,8.0,7.0,1,8
CUST_1151,PROD_040,Books,38.05,34.0,14.0,1,0
CUST_1192,PROD_029,Books,26.96,5.0,4.0,1,12
CUST_1157,PROD_040,Books,38.05,15.0,8.0,1,1
CUST_1381,PROD_042,Beauty,,6.0,4.0,3,3
CUST_1156,PROD_033,Clothing,71.37,3.0,0.0,0,8
CUST_1184,PROD_030,Sports,67.63,15.0,7.0,2,2
CUST_1156,PROD_042,Beauty,22.83,15.0,8.0,2,8
CUST_1379,PROD_024,Beauty,39.24,6.0,3.0,0,5
CUST_1395,PROD_035,Sports,65.18,9.0,4.0,2,1
CUST_1190,PROD_013,Electronics,481.7,5.0,1.0,0,1
CUST_1072,PROD_016,,43.57,7.0,6.0,3,12
CUST_1393,PROD_046,Home & Kitchen,259.15,6.0,0.0,0,8
CUST_1198,PROD_047,Home & Kitchen,51.47,9.0,4.0,2,0
CUST_1310,PROD_019,Home & Kitchen,279.38,7.0,1.0,0,0
CUST_1223,PROD_009,Sports,68.53,5.0,2.0,1,0
CUST_1239,PROD_017,Sports,65.93,15.0,6.0,1,1
CUST_1005,PROD_030,Sports,67.63,10.0,8.0,1,5
CUST_1090,PROD_024,Beauty,39.24,12.0,6.0,2,2
CUST_1349,PROD_015,Books,29.59,5.0,2.0,0,1
CUST_1244,PROD_048,Clothing,35.06,5.0,1.0,0,0
CUST_1142,PROD_017,Sports,65.93,9.0,3.0,0,3
CUST_1275,PROD_025,Books,33.13,,4.0,3,1
CUST_1368,PROD_007,Home & Kitchen,35.97,9.0,8.0,1,8
CUST_1171,PROD_027,Home & Kitchen,293.7,7.0,3.0,3,2
CUST_1068,PROD_011,Books,41.36,6.0,2.0,2,5
CUST_1057,PROD_035,Sports,65.18,32.0,7.0,0,1
CUST_1210,PROD_021,,143.36,11.0,2.0,0,5
CUST_1312,PROD_042,Beauty,22.83,15.0,7.0,3,2
CUST_1359,PROD_002,Home & Kitchen,256.11,18.0,5.0,3,5
CUST_1078,PROD_032,Clothing,120.77,10.0,1.0,0,1
CUST_1222,PROD_003,Beauty,31.38,,2.0,0,1
CUST_1084,PROD_030,Sports,67.63,7.0,6.0,0,12
CUST_1362,PROD_010,Books,20.8,10.0,4.0,3,0
CUST_1393,PROD_009,Sports,68.53,5.0,3.0,1,8
CUST_1077,PROD_011,Books,41.36,,0.0,0,0
CUST_1025,PROD_036,Electronics,819.91,8.0,2.0,0,5
CUST_1265,PROD_048,,35.06,6.0,1.0,1,0
CUST_1298,PROD_015,Books,29.59,4.0,0.0,0,3
CUST_1097,PROD_019,Home & Kitchen,279.38,5.0,1.0,1,1
CUST_1154,PROD_016,Sports,43.57,5.0,2.0,1,3
CUST_1001,PROD_028,Books,20.75,12.0,1.0,0,1
CUST_1295,PROD_034,Books,40.7,4.0,,1,8
CUST_1155,PROD_021,Clothing,143.36,,1.0,0,2
CUST_1142,PROD_042,Beauty,22.83,7.0,4.0,3,3
CUST_1069,PROD_001,Books,57.63,,1.0,1,0
CUST_1349,PROD_047,Home & Kitchen,51.47,6.0,1.0,0,1
CUST_1122,PROD_023,Clothing,59.6,6.0,4.0,2,0
CUST_1264,PROD_049,Electronics,558.06,8.0,2.0,2,5
CUST_1074,PROD_044,Books,26.09,8.0,1.0,0,2
CUST_1028,PROD_050,Clothing,32.4,2.0,1.0,1,2
CUST_1163,PROD_032,Clothing,120.77,3.0,0.0,0,1
CUST_1287,PROD_034,Books,40.7,13.0,3.0,0,1
CUST_1359,PROD_019,Home & Kitchen,279.38,10.0,0.0,0,5
CUST_1156,PROD_037,Beauty,55.81,7.0,6.0,2,8
CUST_1309,PROD_037,Beauty,55.81,7.0,4.0,3,1
CUST_1237,PROD_046,Home & Kitchen,259.15,5.0,1.0,1,0
CUST_1087,PROD_013,Electronics,481.7,7.0,0.0,0,2
CUST_1112,PROD_048,Clothing,35.06,18.0,,0,2
CUST_1015,PROD_046,Home & Kitchen,259.15,6.0,3.0,2,3
CUST_1358,PROD_035,Sports,65.18,7.0,4.0,3,0
CUST_1060,PROD_044,Books,26.09,5.0,3.0,2,0
CUST_1370,PROD_047,Home & Kitchen,51.47,4.0,0.0,0,1
CUST_1169,PROD_026,Books,35.77,6.0,0.0,0,0
CUST_1084,PROD_035,Sports,65.18,9.0,6.0,3,12
CUST_1347,PROD_030,Sports,67.63,3.0,0.0,0,8
CUST_1158,PROD_048,Clothing,35.06,8.0,4.0,3,8
CUST_1036,PROD_042,Beauty,22.83,5.0,2.0,1,1
CUST_1375,PROD_042,Beauty,22.83,6.0,2.0,0,0
CUST_1198,PROD_019,Home & Kitchen,279.38,9.0,2.0,1,0
CUST_1164,PROD_044,Books,26.09,9.0,4.0,2,0
CUST_1366,PROD_013,Electronics,481.7,6.0,3.0,2,2
CUST_1108,PROD_049,Electronics,558.06,14.0,6.0,1,0
CUST_1138,PROD_049,Electronics,558.06,20.0,12.0,3,0
CUST_1262,PROD_033,Clothing,71.37,6.0,2.0,0,1
CUST_1027,PROD_016,Sports,43.57,6.0,4.0,1,2
CUST_1026,PROD_008,Clothing,113.86,4.0,0.0,0,1
CUST_1239,PROD_016,Sports,43.57,9.0,5.0,2,1
CUST_1311,PROD_037,Beauty,55.81,,3.0,2,2
CUST_1095,PROD_004,Home & Kitchen,58.99,3.0,0.0,0,1
CUST_1310,PROD_033,Clothing,71.37,13.0,7.0,1,0
CUST_1225,PROD_030,Sports,67.63,3.0,1.0,1,3
CUST_1339,PROD_033,Clothing,71.37,19.0,1.0,0,2
CUST_1199,PROD_027,,293.7,3.0,0.0,0,5
CUST_1285,PROD_039,Clothing,145.48,8.0,5.0,2,5
CUST_1232,PROD_003,Beauty,31.38,7.0,3.0,1,1
CUST_1019,PROD_025,Books,33.13,10.0,6.0,2,0
CUST_1057,PROD_002,Home & Kitchen,256.11,5.0,2.0,0,1
CUST_1385,PROD_037,Beauty,55.81,5.0,2.0,2,0
CUST_1311,PROD_024,Beauty,39.24,8.0,5.0,2,2
CUST_1365,PROD_014,Clothing,26.07,2.0,0.0,0,1
CUST_1253,PROD_045,Home & Kitchen,87.66,6.0,4.0,1,5
CUST_1288,PROD_007,Home & Kitchen,35.97,39.0,9.0,0,3
CUST_1337,PROD_038,Clothing,90.16,2.0,1.0,1,2
CUST_1085,PROD_002,Home & Kitchen,256.11,10.0,4.0,2,8
CUST_1127,PROD_026,Books,35.77,14.0,8.0,3,3
CUST_1195,PROD_013,Electronics,481.7,2.0,1.0,1,2
CUST_1201,PROD_037,Beauty,55.81,9.0,4.0,2,2
CUST_1099,PROD_010,Books,20.8,14.0,7.0,3,5
CUST_1319,PROD_037,Beauty,55.81,5.0,1.0,0,0
CUST_1275,PROD_029,Books,26.96,10.0,1.0,1,1
CUST_1011,PROD_035,Sports,65.18,4.0,1.0,1,1
CUST_1330,PROD_032,Clothing,120.77,5.0,3.0,1,1
CUST_1335,PROD_006,Books,18.86,7.0,4.0,1,1
CUST_1106,PROD_038,Clothing,90.16,9.0,3.0,0,1
CUST_1136,PROD_011,Books,41.36,3.0,1.0,1,0
CUST_1337,PROD_045,Home & Kitchen,87.66,8.0,1.0,0,2
CUST_1004,PROD_036,Electronics,819.91,,1.0,1,1
CUST_1132,PROD_021,Clothing,143.36,13.0,8.0,1,2
CUST_1159,PROD_005,Home & Kitchen,281.19,3.0,0.0,0,2
CUST_1137,PROD_043,Electronics,673.49,7.0,2.0,2,3
CUST_1013,PROD_012,Beauty,60.35,5.0,1.0,1,2
CUST_1090,PROD_012,Beauty,60.35,17.0,10.0,1,2
CUST_1295,PROD_039,Clothing,145.48,5.0,1.0,1,8
CUST_1139,PROD_041,Electronics,304.61,,1.0,1,2
CUST_1202,PROD_026,Books,35.77,4.0,,0,2
CUST_1217,PROD_046,Home & Kitchen,259.15,3.0,0.0,0,1
CUST_1167,PROD_036,Electronics,819.91,5.0,4.0,1,12
CUST_1128,PROD_028,Books,20.75,5.0,2.0,2,5
CUST_1270,PROD_037,Beauty,55.81,8.0,3.0,2,3
CUST_1175,PROD_019,Home & Kitchen,279.38,15.0,3.0,3,1
CUST_1101,PROD_049,Electronics,558.06,6.0,3.0,2,1
CUST_1026,PROD_011,Books,41.36,3.0,0.0,0,1
CUST_1350,PROD_029,Books,26.96,12.0,10.0,3,5
CUST_1123,PROD_009,Sports,68.53,2.0,0.0,0,0
CUST_1316,PROD_002,Home & Kitchen,256.11,3.0,0.0,0,5
CUST_1288,PROD_050,Clothing,32.4,8.0,6.0,0,3
CUST_1326,PROD_017,Sports,65.93,7.0,2.0,0,0
CUST_1062,PROD_036,Electronics,819.91,9.0,5.0,2,1
CUST_1356,PROD_029,Books,26.96,12.0,6.0,2,8
CUST_1355,PROD_016,Sports,43.57,5.0,2.0,1,1
CUST_1237,PROD_013,Electronics,481.7,11.0,4.0,0,0
CUST_1103,PROD_035,Sports,65.18,9.0,4.0,2,3
CUST_1268,PROD_012,Beauty,,10.0,5.0,2,20
CUST_1127,PROD_015,Books,29.59,10.0,7.0,2,3
CUST_1193,PROD_019,Home & Kitchen,279.38,15.0,6.0,3,0
CUST_1394,PROD_020,Beauty,62.3,9.0,2.0,1,1
CUST_1188,PROD_049,Electronics,558.06,14.0,8.0,3,2
CUST_1052,PROD_010,Books,20.8,17.0,7.0,2,3
CUST_1088,PROD_046,Home & Kitchen,259.15,10.0,1.0,0,3
CUST_1373,PROD_043,Electronics,673.49,3.0,,0,3
CUST_1087,PROD_012,Beauty,60.35,7.0,4.0,3,2
CUST_1198,PROD_047,Home & Kitchen,51.47,5.0,3.0,2,0
CUST_1349,PROD_045,Home & Kitchen,87.66,2.0,,0,1
CUST_1355,PROD_009,Sports,68.53,9.0,4.0,3,1
CUST_1145,PROD_002,Home & Kitchen,256.11,6.0,2.0,0,1
CUST_1238,PROD_011,Books,41.36,12.0,2.0,0,3
CUST_1250,PROD_013,Electronics,481.7,13.0,4.0,0,1
CUST_1202,PROD_028,Books,20.75,15.0,5.0,0,2
CUST_1397,PROD_038,Clothing,90.16,7.0,2.0,1,2
CUST_1350,PROD_015,Books,29.59,5.0,2.0,2,5
CUST_1271,PROD_041,Electronics,304.61,3.0,1.0,1,5
CUST_1333,PROD_047,Home & Kitchen,51.47,3.0,0.0,0,0
CUST_1176,PROD_009,Sports,68.53,8.0,0.0,0,3
CUST_1239,PROD_008,Clothing,113.86,16.0,2.0,2,1
CUST_1367,PROD_040,Books,38.05,5.0,,0,2
CUST_1335,PROD_016,Sports,43.57,21.0,14.0,1,1
CUST_1024,PROD_043,Electronics,673.49,5.0,,3,3
CUST_1281,PROD_023,Clothing,59.6,3.0,1.0,0,2
CUST_1127,PROD_028,Books,20.75,6.0,2.0,0,3
CUST_1357,PROD_017,Sports,65.93,19.0,14.0,1,12
CUST_1233,PROD_016,Sports,43.57,,4.0,1,8
CUST_1293,PROD_021,Clothing,,6.0,6.0,1,5
CUST_1177,PROD_028,Books,20.75,3.0,0.0,0,3
CUST_1361,PROD_049,Electronics,558.06,2.0,0.0,0,1
CUST_1132,PROD_021,Clothing,143.36,17.0,10.0,1,2
CUST_1341,PROD_041,Electronics,304.61,8.0,3.0,0,2
CUST_1260,PROD_038,Clothing,90.16,7.0,3.0,3,20
CUST_1185,PROD_026,Books,35.77,19.0,4.0,0,1
CUST_1334,PROD_041,Electronics,304.61,7.0,2.0,1,5
CUST_1220,PROD_008,Clothing,113.86,7.0,6.0,3,8
CUST_1309,PROD_020,Beauty,62.3,7.0,3.0,2,1
CUST_1341,PROD_038,,90.16,8.0,4.0,1,2
CUST_1352,PROD_036,Electronics,819.91,7.0,3.0,3,0
CUST_1012,PROD_028,Books,20.75,5.0,3.0,1,8
CUST_1075,PROD_049,Electronics,558.06,6.0,2.0,2,2
CUST_1223,PROD_016,Sports,43.57,18.0,12.0,2,0
CUST_1365,PROD_034,Books,40.7,8.0,,2,1
CUST_1171,PROD_007,Home & Kitchen,35.97,15.0,5.0,3,2
CUST_1124,PROD_030,Sports,67.63,6.0,1.0,0,2
CUST_1365,PROD_029,Books,26.96,13.0,6.0,3,1
CUST_1008,PROD_043,Electronics,673.49,16.0,7.0,1,3
CUST_1274,PROD_002,Home & Kitchen,,7.0,0.0,0,1
CUST_1092,PROD_043,Electronics,673.49,11.0,2.0,0,0
CUST_1182,PROD_004,Home & Kitchen,58.99,13.0,6.0,1,20
CUST_1178,PROD_024,Beauty,39.24,12.0,2.0,0,0
CUST_1135,PROD_031,Books,20.87,5.0,2.0,1,0
CUST_1054,PROD_009,Sports,68.53,7.0,1.0,0,1
CUST_1288,PROD_023,Clothing,59.6,5.0,4.0,1,3
CUST_1396,PROD_037,Beauty,55.81,4.0,1.0,0,1
CUST_1397,PROD_032,Clothing,120.77,18.0,6.0,0,2
CUST_1067,PROD_005,Home & Kitchen,281.19,11.0,4.0,1,5
CUST_1368,PROD_002,Home & Kitchen,256.11,,0.0,0,8
CUST_1272,PROD_049,Electronics,,5.0,1.0,1,1
CUST_1187,PROD_004,Home & Kitchen,58.99,10.0,3.0,2,0
CUST_1025,PROD_041,Electronics,304.61,5.0,3.0,2,5
CUST_1275,PROD_028,Books,20.75,6.0,1.0,1,1
CUST_1190,PROD_009,Sports,68.53,22.0,15.0,3,1
CUST_1171,PROD_047,Home & Kitchen,51.47,9.0,4.0,1,2
CUST_1305,PROD_041,Electronics,304.61,6.0,1.0,1,8
CUST_1193,PROD_022,Books,39.04,2.0,0.0,0,0
CUST_1157,PROD_044,,26.09,9.0,1.0,0,1
CUST_1065,PROD_028,Books,20.75,10.0,2.0,0,1
CUST_1286,PROD_004,Home & Kitchen,58.99,24.0,5.0,0,2
CUST_1340,PROD_044,Books,26.09,10.0,1.0,1,2
CUST_1307,PROD_017,Sports,65.93,,2.0,2,2
CUST_1293,PROD_033,Clothing,71.37,9.0,5.0,2,5
CUST_1066,PROD_045,Home & Kitchen,87.66,12.0,10.0,1,3
CUST_1146,PROD_045,Home & Kitchen,87.66,15.0,7.0,2,3
CUST_1275,PROD_041,Electronics,304.61,3.0,0.0,0,1
CUST_1336,PROD_006,Books,18.86,5.0,2.0,2,1
CUST_1352,PROD_049,Electronics,558.06,8.0,4.0,2,0
CUST_1169,PROD_012,Beauty,60.35,10.0,6.0,2,0
CUST_1038,PROD_032,Clothing,120.77,5.0,4.0,2,2
CUST_1323,PROD_019,Home & Kitchen,279.38,11.0,0.0,0,1
CUST_1309,PROD_003,Beauty,31.38,23.0,13.0,2,1
CUST_1020,PROD_031,Books,20.87,14.0,14.0,2,8
CUST_1157,PROD_006,Books,18.86,8.0,4.0,1,1
CUST_1167,PROD_041,Electronics,304.61,8.0,3.0,1,12
CUST_1173,PROD_024,Beauty,39.24,16.0,8.0,2,5
CUST_1102,PROD_050,Clothing,32.4,,3.0,1,2
CUST_1048,PROD_046,Home & Kitchen,259.15,5.0,1.0,0,2
CUST_1211,PROD_008,Clothing,113.86,12.0,7.0,1,0
CUST_1128,PROD_034,Books,40.7,6.0,4.0,2,5
CUST_1365,PROD_026,Books,35.77,,3.0,1,1
CUST_1265,PROD_035,Sports,65.18,4.0,0.0,0,0
CUST_1358,PROD_005,Home & Kitchen,281.19,5.0,0.0,0,0
CUST_1014,PROD_020,,62.3,5.0,2.0,2,1
CUST_1224,PROD_029,Books,26.96,25.0,12.0,1,5
CUST_1150,PROD_016,Sports,43.57,6.0,3.0,2,3
CUST_1213,PROD_027,Home & Kitchen,293.7,5.0,1.0,1,2
CUST_1083,PROD_042,Beauty,22.83,4.0,1.0,1,1
CUST_1068,PROD_017,Sports,65.93,11.0,7.0,1,5
CUST_1328,PROD_035,Sports,65.18,6.0,3.0,2,3
CUST_1086,PROD_044,Books,26.09,4.0,1.0,0,1
CUST_1012,PROD_031,Books,20.87,6.0,1.0,1,8
CUST_1158,PROD_023,Clothing,59.6,9.0,7.0,2,8
CUST_1180,PROD_036,Electronics,,7.0,2.0,0,2
CUST_1372,PROD_023,Clothing,59.6,10.0,7.0,1,20
CUST_1282,PROD_024,Beauty,39.24,17.0,12.0,3,0
CUST_1283,PROD_046,Home & Kitchen,259.15,8.0,3.0,1,1
CUST_1152,PROD_038,Clothing,90.16,13.0,5.0,1,2
CUST_1309,PROD_015,Books,29.59,5.0,1.0,1,1
CUST_1323,PROD_017,Sports,65.93,16.0,7.0,1,1
CUST_1317,PROD_049,Electronics,558.06,6.0,2.0,1,3
CUST_1196,PROD_017,Sports,65.93,2.0,0.0,0,0
CUST_1048,PROD_016,Sports,43.57,6.0,4.0,1,2
CUST_1100,PROD_024,Beauty,39.24,,1.0,1,1
CUST_1041,PROD_030,Sports,67.63,16.0,8.0,0,0
CUST_1293,PROD_008,Clothing,113.86,11.0,6.0,3,5
CUST_1140,PROD_017,Sports,65.93,14.0,4.0,1,0
CUST_1291,PROD_003,,31.38,16.0,3.0,0,2
CUST_1279,PROD_035,Sports,65.18,5.0,2.0,1,5
CUST_1263,PROD_009,Sports,68.53,27.0,20.0,2,5
CUST_1326,PROD_030,Sports,67.63,10.0,3.0,3,0
CUST_1333,PROD_011,Books,41.36,14.0,5.0,1,0
CUST_1134,PROD_019,Home & Kitchen,279.38,5.0,1.0,1,1
CUST_1234,PROD_001,Books,57.63,7.0,4.0,3,0
CUST_1262,PROD_050,Clothing,32.4,30.0,20.0,1,1
CUST_1095,PROD_030,Sports,67.63,5.0,2.0,0,1
CUST_1270,PROD_003,Beauty,31.38,11.0,9.0,2,3
CUST_1192,PROD_025,Books,33.13,12.0,8.0,1,12
CUST_1374,PROD_025,Books,33.13,9.0,5.0,2,1
CUST_1198,PROD_007,Home & Kitchen,35.97,,3.0,2,0
CUST_1095,PROD_030,Sports,67.63,6.0,2.0,1,1
CUST_1143,PROD_037,,55.81,7.0,6.0,1,3
CUST_1033,PROD_030,Sports,67.63,7.0,5.0,1,12
CUST_1076,PROD_009,Sports,68.53,5.0,0.0,0,1
CUST_1189,PROD_040,Books,38.05,9.0,8.0,2,5
CUST_1287,PROD_039,Clothing,145.48,8.0,3.0,3,1
CUST_1074,PROD_035,Sports,65.18,6.0,2.0,2,2
CUST_1164,PROD_001,Books,57.63,9.0,5.0,3,0
CUST_1090,PROD_003,Beauty,31.38,5.0,1.0,0,2
CUST_1224,PROD_034,Books,40.7,6.0,3.0,1,5
CUST_1107,PROD_038,Clothing,90.16,5.0,3.0,1,3
CUST_1080,PROD_002,Home & Kitchen,256.11,7.0,1.0,0,3
CUST_1242,PROD_004,Home & Kitchen,58.99,6.0,,0,2
CUST_1321,PROD_018,Books,40.44,7.0,2.0,1,2
CUST_1092,PROD_030,Sports,67.63,9.0,3.0,3,0
CUST_1217,PROD_036,Electronics,819.91,6.0,0.0,0,1
CUST_1375,PROD_037,Beauty,55.81,8.0,6.0,2,0
CUST_1399,PROD_019,Home & Kitchen,279.38,14.0,2.0,0,8
CUST_1335,PROD_016,Sports,43.57,9.0,4.0,1,1
CUST_1054,PROD_002,Home & Kitchen,256.11,6.0,0.0,0,1
CUST_1362,PROD_003,Beauty,31.38,2.0,0.0,0,0
CUST_1089,PROD_049,Electronics,558.06,9.0,4.0,2,0
CUST_1237,PROD_036,Electronics,819.91,10.0,2.0,0,0
CUST_1233,PROD_030,Sports,67.63,12.0,9.0,2,8
CUST_1272,PROD_047,Home & Kitchen,51.47,4.0,0.0,0,1
CUST_1259,PROD_007,Home & Kitchen,35.97,3.0,0.0,0,5
CUST_1380,PROD_018,Books,40.44,8.0,4.0,2,1
CUST_1374,PROD_029,Books,26.96,6.0,0.0,0,1
CUST_1188,PROD_036,Electronics,819.91,14.0,3.0,1,2
CUST_1400,PROD_007,Home & Kitchen,35.97,6.0,2.0,2,1
CUST_1125,PROD_023,Clothing,59.6,7.0,1.0,0,2
CUST_1331,PROD_004,Home & Kitchen,58.99,5.0,4.0,3,1
CUST_1229,PROD_034,Books,,2.0,0.0,0,1
CUST_1256,PROD_008,Clothing,113.86,6.0,2.0,0,0
CUST_1328,PROD_050,Clothing,32.4,2.0,1.0,0,3
CUST_1258,PROD_012,Beauty,60.35,14.0,6.0,2,0
CUST_1211,PROD_005,Home & Kitchen,281.19,9.0,0.0,0,0
CUST_1023,PROD_012,Beauty,60.35,16.0,4.0,0,0
CUST_1063,PROD_017,Sports,,9.0,6.0,1,8
CUST_1077,PROD_043,Electronics,673.49,6.0,1.0,0,0
CUST_1115,PROD_038,Clothing,90.16,27.0,4.0,0,3
CUST_1050,PROD_002,Home & Kitchen,256.11,17.0,4.0,0,0
CUST_1132,PROD_033,Clothing,71.37,11.0,3.0,3,2
CUST_1186,PROD_003,Beauty,31.38,9.0,3.0,0,3
CUST_1320,PROD_018,Books,40.44,6.0,3.0,2,5
CUST_1074,PROD_047,Home & Kitchen,51.47,3.0,1.0,0,2
CUST_1101,PROD_018,Books,40.44,2.0,0.0,0,1
CUST_1274,PROD_019,Home & Kitchen,279.38,6.0,2.0,0,1
CUST_1083,PROD_035,Sports,65.18,7.0,4.0,1,1
CUST_1052,PROD_046,Home & Kitchen,259.15,2.0,0.0,0,3
CUST_1398,PROD_046,Home & Kitchen,259.15,5.0,1.0,1,2
CUST_1286,PROD_035,Sports,65.18,11.0,5.0,1,2
CUST_1175,PROD_046,,259.15,8.0,4.0,0,1
CUST_1385,PROD_037,Beauty,55.81,15.0,6.0,3,0
CUST_1175,PROD_027,Home & Kitchen,293.7,5.0,2.0,0,1
CUST_1062,PROD_043,Electronics,673.49,6.0,3.0,0,1
CUST_1354,PROD_032,Clothing,120.77,6.0,4.0,0,20
CUST_1366,PROD_029,Books,26.96,4.0,,1,2
CUST_1206,PROD_036,Electronics,819.91,8.0,3.0,2,5
CUST_1222,PROD_003,Beauty,31.38,7.0,6.0,1,1
CUST_1266,PROD_030,Sports,67.63,4.0,1.0,0,0
CUST_1186,PROD_028,Books,20.75,3.0,1.0,0,3
CUST_1194,PROD_011,Books,41.36,10.0,6.0,1,12
CUST_1023,PROD_009,Sports,68.53,8.0,3.0,1,0
CUST_1115,PROD_018,Books,40.44,10.0,5.0,3,3
CUST_1209,PROD_012,Beauty,60.35,5.0,4.0,1,1
CUST_1240,PROD_036,Electronics,819.91,,3.0,1,8
CUST_1332,PROD_049,Electronics,558.06,,2.0,1,3
CUST_1239,PROD_036,Electronics,819.91,12.0,1.0,0,1
CUST_1267,PROD_035,Sports,65.18,19.0,10.0,2,3
CUST_1167,PROD_036,Electronics,819.91,7.0,3.0,1,12
CUST_1056,PROD_023,Clothing,59.6,5.0,2.0,2,5
CUST_1378,PROD_017,Sports,65.93,5.0,1.0,1,0
CUST_1166,PROD_012,Beauty,60.35,11.0,7.0,1,3
CUST_1240,PROD_013,Electronics,481.7,6.0,4.0,1,8
CUST_1022,PROD_034,Books,40.7,12.0,4.0,2,1
CUST_1266,PROD_001,Books,57.63,2.0,0.0,0,0
CUST_1149,PROD_003,Beauty,31.38,2.0,1.0,0,1
CUST_1004,PROD_049,Electronics,558.06,6.0,1.0,0,1
CUST_1014,PROD_020,Beauty,62.3,6.0,2.0,2,1
CUST_1356,PROD_047,Home & Kitchen,,8.0,3.0,0,8
CUST_1151,PROD_018,Books,40.44,9.0,4.0,3,0
CUST_1154,PROD_009,Sports,68.53,5.0,3.0,0,3
CUST_1145,PROD_027,Home & Kitchen,293.7,6.0,1.0,0,1
CUST_1054,PROD_007,Home & Kitchen,35.97,5.0,0.0,0,1
CUST_1178,PROD_003,Beauty,31.38,12.0,5.0,1,0
CUST_1332,PROD_043,Electronics,,6.0,2.0,2,3
CUST_1147,PROD_025,Books,33.13,5.0,,0,1
CUST_1038,PROD_023,Clothing,59.6,10.0,2.0,0,2
CUST_1288,PROD_048,Clothing,35.06,24.0,16.0,3,3
CUST_1072,PROD_017,Sports,65.93,8.0,5.0,1,12
CUST_1124,PROD_009,Sports,68.53,12.0,7.0,3,2
CUST_1254,PROD_016,Sports,43.57,4.0,1.0,0,1
CUST_1087,PROD_003,Beauty,31.38,20.0,12.0,2,2
CUST_1098,PROD_022,Books,39.04,2.0,1.0,1,2
CUST_1118,PROD_029,Books,26.96,5.0,1.0,1,2
CUST_1044,PROD_012,Beauty,,2.0,0.0,0,0
CUST_1249,PROD_050,Clothing,32.4,17.0,6.0,0,0
CUST_1168,PROD_048,Clothing,35.06,19.0,,2,0
CUST_1296,PROD_014,Clothing,26.07,12.0,,2,5
CUST_1211,PROD_039,Clothing,145.48,21.0,7.0,3,0
CUST_1133,PROD_040,Books,38.05,9.0,2.0,1,0
CUST_1037,PROD_036,Electronics,819.91,6.0,3.0,1,1
CUST_1381,PROD_004,Home & Kitchen,58.99,7.0,3.0,0,3
CUST_1037,PROD_036,Electronics,819.91,16.0,5.0,3,1
CUST_1392,PROD_032,Clothing,120.77,4.0,2.0,2,3
CUST_1360,PROD_037,Beauty,55.81,4.0,1.0,0,2
CUST_1165,PROD_042,Beauty,22.83,7.0,4.0,0,2
CUST_1232,PROD_003,Beauty,31.38,11.0,1.0,0,1
CUST_1378,PROD_016,Sports,43.57,17.0,8.0,3,0
CUST_1375,PROD_024,Beauty,39.24,6.0,3.0,3,0
CUST_1145,PROD_010,Books,20.8,12.0,1.0,0,1
CUST_1286,PROD_040,Books,38.05,4.0,1.0,0,2
CUST_1381,PROD_042,Beauty,22.83,6.0,5.0,3,3
CUST_1181,PROD_025,Books,33.13,2.0,1.0,1,3
CUST_1007,PROD_016,Sports,,7.0,3.0,0,2
CUST_1216,PROD_040,Books,38.05,11.0,3.0,1,2
CUST_1265,PROD_014,Clothing,26.07,7.0,4.0,2,0
CUST_1045,PROD_007,Home & Kitchen,35.97,16.0,9.0,0,1
CUST_1393,PROD_046,Home & Kitchen,259.15,2.0,0.0,0,8
CUST_1342,PROD_038,Clothing,90.16,2.0,1.0,0,2
CUST_1335,PROD_030,Sports,67.63,10.0,3.0,1,1
CUST_1300,PROD_019,Home & Kitchen,279.38,5.0,1.0,1,2
CUST_1152,PROD_050,Clothing,32.4,15.0,7.0,0,2
CUST_1332,PROD_030,Sports,67.63,11.0,1.0,1,3
CUST_1246,PROD_030,Sports,67.63,9.0,2.0,0,2
CUST_1346,PROD_008,Clothing,113.86,3.0,1.0,0,20
CUST_1117,PROD_006,Books,18.86,13.0,12.0,1,8
CUST_1160,PROD_003,Beauty,31.38,9.0,5.0,2,0
CUST_1121,PROD_026,Books,35.77,9.0,2.0,0,5
CUST_1002,PROD_047,Home & Kitchen,51.47,7.0,1.0,1,2
CUST_1003,PROD_009,Sports,68.53,7.0,5.0,2,8
CUST_1323,PROD_009,Sports,68.53,8.0,5.0,2,1
CUST_1136,PROD_012,Beauty,60.35,5.0,1.0,1,0
CUST_1055,PROD_029,Books,26.96,15.0,9.0,1,12
CUST_1269,PROD_017,Sports,65.93,11.0,4.0,2,8
CUST_1344,PROD_031,,20.87,3.0,0.0,0,8
CUST_1141,PROD_043,Electronics,673.49,5.0,5.0,3,3
CUST_1351,PROD_035,,65.18,5.0,1.0,1,1
CUST_1198,PROD_045,Home & Kitchen,87.66,19.0,9.0,1,0
CUST_1103,PROD_030,Sports,67.63,5.0,2.0,1,3
CUST_1104,PROD_035,Sports,65.18,9.0,4.0,1,0
CUST_1087,PROD_031,Books,20.87,3.0,2.0,1,2
CUST_1393,PROD_009,Sports,68.53,18.0,13.0,3,8
CUST_1061,PROD_013,Electronics,481.7,8.0,3.0,1,2
CUST_1141,PROD_028,Books,20.75,5.0,1.0,0,3
CUST_1147,PROD_043,Electronics,673.49,9.0,6.0,1,1
CUST_1131,PROD_021,Clothing,143.36,9.0,0.0,0,0
CUST_1156,PROD_003,Beauty,31.38,13.0,8.0,0,8
CUST_1303,PROD_026,Books,35.77,11.0,4.0,0,0
CUST_1338,PROD_021,Clothing,143.36,4.0,1.0,0,1
CUST_1332,PROD_034,Books,40.7,6.0,1.0,0,3
CUST_1318,PROD_009,Sports,68.53,6.0,1.0,0,0
CUST_1292,PROD_029,Books,26.96,9.0,4.0,1,1
CUST_1082,PROD_019,,279.38,5.0,2.0,2,1
CUST_1136,PROD_003,Beauty,31.38,11.0,4.0,2,0
CUST_1266,PROD_041,Electronics,304.61,9.0,1.0,0,0
CUST_1048,PROD_016,Sports,43.57,5.0,2.0,0,2
CUST_1304,PROD_040,Books,,10.0,6.0,1,0
CUST_1103,PROD_009,Sports,68.53,9.0,4.0,2,3
CUST_1168,PROD_039,Clothing,145.48,5.0,5.0,1,0
CUST_1224,PROD_001,Books,57.63,10.0,8.0,3,5
CUST_1047,PROD_026,Books,35.77,5.0,2.0,1,20
CUST_1307,PROD_034,Books,40.7,9.0,1.0,0,2
CUST_1230,PROD_017,Sports,65.93,20.0,,3,5
CUST_1262,PROD_040,Books,38.05,12.0,5.0,0,1
CUST_1194,PROD_022,Books,39.04,6.0,5.0,2,12
CUST_1052,PROD_029,Books,26.96,5.0,4.0,1,3
CUST_1246,PROD_025,Books,33.13,8.0,3.0,2,2
CUST_1181,PROD_024,Beauty,39.24,5.0,2.0,0,3
CUST_1065,PROD_015,Books,29.59,5.0,1.0,1,1
CUST_1155,PROD_019,,279.38,6.0,1.0,1,2
CUST_1363,PROD_032,Clothing,120.77,9.0,3.0,3,1
CUST_1222,PROD_024,Beauty,39.24,6.0,6.0,1,1
CUST_1009,PROD_033,Clothing,71.37,11.0,3.0,0,0
CUST_1116,PROD_035,Sports,65.18,15.0,4.0,1,5
CUST_1362,PROD_024,Beauty,39.24,6.0,3.0,2,0
CUST_1107,PROD_014,Clothing,26.07,5.0,5.0,2,3
CUST_1326,PROD_016,Sports,43.57,8.0,2.0,0,0
CUST_1192,PROD_016,Sports,43.57,3.0,1.0,1,12
CUST_1344,PROD_016,Sports,43.57,8.0,6.0,2,8
CUST_1133,PROD_039,Clothing,145.48,3.0,0.0,0,0
CUST_1324,PROD_001,Books,57.63,12.0,7.0,2,1
CUST_1106,PROD_004,Home & Kitchen,58.99,5.0,3.0,3,1
CUST_1251,PROD_044,Books,26.09,6.0,3.0,2,2
CUST_1327,PROD_007,Home & Kitchen,35.97,6.0,2.0,1,3
CUST_1128,PROD_025,Books,33.13,10.0,7.0,1,5
CUST_1225,PROD_041,Electronics,304.61,5.0,2.0,2,3
CUST_1141,PROD_023,Clothing,59.6,8.0,1.0,0,3
CUST_1097,PROD_024,Beauty,39.24,9.0,5.0,3,1
CUST_1152,PROD_048,Clothing,35.06,5.0,3.0,2,2
CUST_1297,PROD_026,Books,35.77,5.0,3.0,2,2
CUST_1010,PROD_024,Beauty,39.24,7.0,2.0,2,0
CUST_1394,PROD_008,Clothing,113.86,4.0,0.0,0,1
CUST_1178,PROD_009,Sports,68.53,11.0,1.0,1,0
CUST_1365,PROD_040,Books,38.05,8.0,4.0,2,1
CUST_1016,PROD_026,Books,35.77,20.0,9.0,3,8
CUST_1071,PROD_034,Books,40.7,6.0,4.0,3,2
CUST_1113,PROD_022,Books,39.04,9.0,5.0,2,2
CUST_1267,PROD_016,Sports,43.57,24.0,,1,3
CUST_1357,PROD_009,Sports,68.53,10.0,3.0,1,12
CUST_1057,PROD_004,Home & Kitchen,58.99,6.0,3.0,3,1
CUST_1222,PROD_012,Beauty,60.35,6.0,4.0,3,1
CUST_1376,PROD_049,Electronics,558.06,21.0,8.0,3,2
CUST_1244,PROD_038,Clothing,90.16,12.0,4.0,0,0
CUST_1316,PROD_009,Sports,68.53,9.0,4.0,0,5
CUST_1149,PROD_049,,558.06,9.0,2.0,1,1
CUST_1304,PROD_018,Books,40.44,5.0,3.0,3,0
CUST_1391,PROD_049,Electronics,558.06,16.0,5.0,3,8
CUST_1058,PROD_043,Electronics,673.49,13.0,6.0,2,0
CUST_1371,PROD_008,Clothing,113.86,6.0,3.0,0,2
CUST_1023,PROD_010,Books,20.8,6.0,1.0,1,0
CUST_1116,PROD_030,Sports,67.63,6.0,4.0,2,5
CUST_1237,PROD_043,Electronics,673.49,9.0,5.0,2,0
CUST_1093,PROD_015,Books,29.59,13.0,7.0,3,12
CUST_1135,PROD_011,Books,41.36,3.0,0.0,0,0
CUST_1362,PROD_009,Sports,68.53,2.0,0.0,0,0
CUST_1369,PROD_024,Beauty,39.24,9.0,8.0,3,2
CUST_1006,PROD_024,Beauty,39.24,15.0,5.0,3,2
CUST_1211,PROD_050,Clothing,32.4,13.0,4.0,0,0
CUST_1216,PROD_013,Electronics,481.7,8.0,1.0,0,2
CUST_1271,PROD_014,Clothing,26.07,9.0,2.0,0,5
CUST_1026,PROD_049,Electronics,558.06,21.0,3.0,2,1
CUST_1027,PROD_049,Electronics,558.06,3.0,0.0,0,2
CUST_1093,PROD_050,Clothing,32.4,2.0,0.0,0,12
CUST_1149,PROD_041,Electronics,304.61,7.0,2.0,0,1
CUST_1224,PROD_010,Books,20.8,5.0,,3,5
CUST_1110,PROD_032,Clothing,120.77,12.0,1.0,0,1
CUST_1256,PROD_014,Clothing,26.07,19.0,8.0,2,0
CUST_1196,PROD_003,Beauty,31.38,14.0,7.0,1,0
CUST_1041,PROD_017,Sports,65.93,11.0,4.0,2,0
CUST_1017,PROD_037,Beauty,55.81,6.0,5.0,2,1
CUST_1164,PROD_026,Books,35.77,11.0,5.0,2,0
CUST_1399,PROD_009,Sports,68.53,10.0,5.0,3,8
CUST_1291,PROD_039,Clothing,145.48,9.0,2.0,0,2
CUST_1220,PROD_033,Clothing,71.37,6.0,2.0,2,8
CUST_1174,PROD_027,Home & Kitchen,293.7,4.0,1.0,0,1
CUST_1360,PROD_033,Clothing,71.37,9.0,7.0,2,2
CUST_1012,PROD_015,Books,29.59,,4.0,1,8
CUST_1309,PROD_014,Clothing,26.07,10.0,1.0,0,1
CUST_1216,PROD_015,Books,29.59,,1.0,0,2
CUST_1053,PROD_027,,293.7,5.0,,1,3
CUST_1138,PROD_043,Electronics,673.49,28.0,10.0,2,0
CUST_1299,PROD_023,Clothing,59.6,6.0,4.0,3,1
CUST_1389,PROD_021,Clothing,,5.0,0.0,0,3
CUST_1232,PROD_049,Electronics,558.06,6.0,1.0,0,1
CUST_1056,PROD_036,Electronics,819.91,5.0,1.0,0,5
CUST_1020,PROD_002,Home & Kitchen,256.11,2.0,0.0,0,8
CUST_1369,PROD_024,,39.24,7.0,3.0,2,2
CUST_1134,PROD_044,Books,,24.0,7.0,0,1
CUST_1375,PROD_028,Books,20.75,5.0,1.0,0,0
CUST_1185,PROD_029,Books,26.96,21.0,8.0,1,1
CUST_1109,PROD_009,Sports,68.53,19.0,11.0,3,1
CUST_1103,PROD_032,Clothing,120.77,2.0,1.0,1,3
CUST_1018,PROD_042,Beauty,22.83,7.0,6.0,1,8
CUST_1115,PROD_010,Books,20.8,10.0,5.0,3,3
CUST_1007,PROD_010,Books,20.8,2.0,1.0,1,2
CUST_1142,PROD_037,Beauty,55.81,6.0,4.0,1,3
CUST_1300,PROD_046,Home & Kitchen,259.15,6.0,2.0,0,2
CUST_1275,PROD_015,Books,29.59,7.0,3.0,1,1
CUST_1147,PROD_049,Electronics,558.06,6.0,2.0,1,1
CUST_1129,PROD_018,Books,40.44,5.0,3.0,3,1
CUST_1239,PROD_016,Sports,43.57,18.0,10.0,1,1
CUST_1234,PROD_027,Home & Kitchen,293.7,6.0,0.0,0,0
CUST_1082,PROD_022,Books,39.04,7.0,1.0,0,1
CUST_1194,PROD_036,Electronics,819.91,5.0,1.0,0,12
CUST_1055,PROD_009,Sports,68.53,15.0,7.0,2,12
CUST_1085,PROD_045,Home & Kitchen,87.66,5.0,3.0,1,8
CUST_1077,PROD_036,Electronics,819.91,6.0,3.0,3,0
CUST_1037,PROD_036,Electronics,819.91,6.0,6.0,1,1
CUST_1289,PROD_007,Home & Kitchen,35.97,12.0,8.0,3,0
CUST_1317,PROD_036,Electronics,819.91,11.0,,0,3
CUST_1116,PROD_017,Sports,65.93,8.0,5.0,3,5
CUST_1069,PROD_018,Books,40.44,23.0,12.0,2,0
CUST_1176,PROD_025,,33.13,7.0,1.0,1,3
CUST_1249,PROD_016,Sports,43.57,5.0,2.0,2,0
CUST_1121,PROD_039,Clothing,145.48,5.0,0.0,0,5
CUST_1090,PROD_037,Beauty,55.81,6.0,4.0,2,2
CUST_1093,PROD_031,Books,20.87,10.0,7.0,2,12
CUST_1227,PROD_030,Sports,67.63,8.0,3.0,1,1
CUST_1025,PROD_041,Electronics,,6.0,1.0,1,5
CUST_1079,PROD_040,Books,38.05,8.0,3.0,1,1
CUST_1342,PROD_020,Beauty,62.3,18.0,4.0,0,2
CUST_1270,PROD_043,Electronics,673.49,8.0,0.0,0,3
CUST_1161,PROD_048,Clothing,35.06,5.0,2.0,2,0
CUST_1218,PROD_036,Electronics,819.91,3.0,1.0,0,5
CUST_1061,PROD_041,Electronics,304.61,5.0,2.0,0,2
CUST_1061,PROD_036,Electronics,819.91,11.0,5.0,0,2
CUST_1200,PROD_043,Electronics,673.49,21.0,4.0,0,0
CUST_1350,PROD_034,Books,40.7,9.0,4.0,3,5
CUST_1150,PROD_017,Sports,65.93,15.0,7.0,2,3
CUST_1342,PROD_041,Electronics,304.61,5.0,3.0,2,2
CUST_1288,PROD_048,Clothing,35.06,11.0,6.0,3,3
CUST_1115,PROD_040,Books,38.05,13.0,6.0,3,3
CUST_1055,PROD_015,Books,29.59,7.0,2.0,0,12
CUST_1130,PROD_027,Home & Kitchen,293.7,18.0,7.0,0,3
CUST_1273,PROD_043,Electronics,673.49,5.0,4.0,1,0
CUST_1248,PROD_034,Books,40.7,30.0,22.0,1,20
CUST_1253,PROD_047,Home & Kitchen,51.47,8.0,4.0,3,5
CUST_1172,PROD_036,Electronics,819.91,12.0,5.0,1,3
CUST_1249,PROD_016,Sports,43.57,21.0,8.0,3,0
CUST_1089,PROD_003,Beauty,31.38,4.0,0.0,0,0
CUST_1340,PROD_030,Sports,67.63,2.0,0.0,0,2
CUST_1306,PROD_002,Home & Kitchen,256.11,13.0,5.0,1,2
CUST_1046,PROD_009,Sports,68.53,20.0,9.0,2,1
CUST_1374,PROD_047,Home & Kitchen,51.47,5.0,1.0,0,1
CUST_1228,PROD_018,Books,40.44,7.0,3.0,0,1
CUST_1148,PROD_026,Books,,6.0,5.0,2,0
CUST_1146,PROD_006,Books,18.86,11.0,5.0,0,3
CUST_1076,PROD_004,Home & Kitchen,58.99,2.0,0.0,0,1
CUST_1258,PROD_037,Beauty,55.81,7.0,3.0,0,0
CUST_1218,PROD_024,Beauty,39.24,4.0,2.0,2,5
CUST_1242,PROD_006,Books,18.86,8.0,1.0,0,2
CUST_1269,PROD_032,Clothing,120.77,7.0,1.0,0,8
CUST_1010,PROD_038,Clothing,90.16,6.0,,0,0
CUST_1252,PROD_042,Beauty,22.83,24.0,11.0,0,0
CUST_1281,PROD_036,Electronics,819.91,10.0,2.0,0,2
CUST_1202,PROD_030,Sports,,5.0,2.0,0,2
CUST_1281,PROD_041,Electronics,304.61,22.0,8.0,3,2
CUST_1271,PROD_011,Books,41.36,3.0,1.0,0,5
CUST_1144,PROD_042,Beauty,22.83,5.0,1.0,0,2
CUST_1163,PROD_015,Books,29.59,6.0,3.0,0,1
CUST_1044,PROD_013,Electronics,481.7,8.0,1.0,0,0
CUST_1323,PROD_039,Clothing,145.48,11.0,0.0,0,1
CUST_1135,PROD_046,Home & Kitchen,259.15,9.0,1.0,1,0
CUST_1052,PROD_026,Books,35.77,7.0,3.0,1,3
CUST_1130,PROD_039,Clothing,145.48,7.0,1.0,0,3
CUST_1345,PROD_039,Clothing,145.48,5.0,3.0,3,1
CUST_1095,PROD_017,Sports,65.93,5.0,1.0,0,1
CUST_1377,PROD_030,Sports,67.63,6.0,2.0,2,1
CUST_1292,PROD_040,Books,38.05,5.0,2.0,0,1
CUST_1262,PROD_003,Beauty,31.38,2.0,0.0,0,1
CUST_1377,PROD_017,Sports,65.93,11.0,3.0,0,1
CUST_1225,PROD_013,Electronics,481.7,8.0,4.0,3,3
CUST_1334,PROD_043,Electronics,673.49,8.0,1.0,1,5
CUST_1302,PROD_041,Electronics,304.61,24.0,7.0,0,2
CUST_1235,PROD_030,Sports,67.63,14.0,4.0,0,3
CUST_1189,PROD_001,Books,57.63,9.0,6.0,3,5
CUST_1382,PROD_013,Electronics,481.7,14.0,3.0,0,0
CUST_1157,PROD_022,Books,39.04,7.0,3.0,0,1
CUST_1052,PROD_044,Books,26.09,6.0,2.0,1,3
CUST_1302,PROD_003,Beauty,31.38,14.0,4.0,0,2
CUST_1364,PROD_001,Books,57.63,6.0,1.0,0,0
CUST_1204,PROD_020,Beauty,62.3,7.0,6.0,1,1
CUST_1288,PROD_016,Sports,43.57,4.0,2.0,0,3
CUST_1119,PROD_035,Sports,65.18,5.0,1.0,0,1
CUST_1361,PROD_015,Books,29.59,2.0,1.0,0,1
CUST_1288,PROD_044,Books,26.09,2.0,0.0,0,3
CUST_1002,PROD_020,Beauty,62.3,5.0,2.0,1,2
CUST_1241,PROD_008,Clothing,,13.0,8.0,3,12
CUST_1326,PROD_016,Sports,43.57,20.0,6.0,1,0
CUST_1345,PROD_038,Clothing,90.16,10.0,3.0,3,1
CUST_1109,PROD_035,Sports,65.18,6.0,2.0,1,1
CUST_1179,PROD_013,Electronics,481.7,20.0,5.0,2,5
CUST_1068,PROD_041,Electronics,304.61,4.0,0.0,0,5
CUST_1316,PROD_039,Clothing,145.48,16.0,10.0,2,5
CUST_1092,PROD_036,Electronics,819.91,5.0,3.0,2,0
CUST_1234,PROD_025,Books,33.13,5.0,4.0,1,0
CUST_1009,PROD_032,Clothing,120.77,13.0,4.0,0,0
CUST_1050,PROD_002,Home & Kitchen,256.11,9.0,2.0,2,0
CUST_1305,PROD_041,Electronics,304.61,12.0,2.0,2,8
CUST_1115,PROD_001,Books,57.63,,1.0,1,3
CUST_1154,PROD_016,Sports,43.57,19.0,13.0,1,3
CUST_1111,PROD_041,Electronics,304.61,15.0,4.0,1,5
CUST_1102,PROD_045,Home & Kitchen,87.66,6.0,1.0,1,2
CUST_1199,PROD_020,Beauty,62.3,,3.0,3,5
CUST_1004,PROD_036,Electronics,819.91,8.0,3.0,0,1
CUST_1304,PROD_008,Clothing,113.86,2.0,0.0,0,0
CUST_1282,PROD_044,Books,26.09,8.0,2.0,0,0
CUST_1089,PROD_036,Electronics,,5.0,2.0,2,0
CUST_1036,PROD_027,Home & Kitchen,293.7,3.0,0.0,0,1
CUST_1281,PROD_036,Electronics,819.91,6.0,1.0,0,2
CUST_1352,PROD_018,Books,40.44,2.0,1.0,1,0
CUST_1316,PROD_012,Beauty,60.35,2.0,1.0,1,5
CUST_1253,PROD_004,Home & Kitchen,58.99,14.0,6.0,3,5
CUST_1114,PROD_013,Electronics,481.7,20.0,5.0,3,3
CUST_1029,PROD_036,Electronics,819.91,16.0,7.0,1,0
CUST_1011,PROD_013,Electronics,481.7,11.0,4.0,0,1
CUST_1333,PROD_040,Books,38.05,6.0,2.0,0,0
CUST_1026,PROD_043,Electronics,673.49,6.0,0.0,0,1
CUST_1382,PROD_013,Electronics,481.7,7.0,3.0,0,0
CUST_1303,PROD_019,Home & Kitchen,279.38,5.0,1.0,0,0
CUST_1397,PROD_032,Clothing,,6.0,4.0,3,2
CUST_1173,PROD_007,Home & Kitchen,35.97,6.0,2.0,0,5
CUST_1269,PROD_017,Sports,65.93,,4.0,3,8
CUST_1021,PROD_021,Clothing,143.36,13.0,1.0,0,1
CUST_1044,PROD_033,Clothing,71.37,2.0,0.0,0,0
CUST_1267,PROD_002,Home & Kitchen,256.11,2.0,1.0,0,3
CUST_1074,PROD_007,Home & Kitchen,35.97,4.0,1.0,0,2
CUST_1022,PROD_031,Books,,14.0,10.0,2,1
CUST_1308,PROD_007,Home & Kitchen,35.97,8.0,4.0,3,0
CUST_1104,PROD_009,Sports,68.53,21.0,7.0,2,0
CUST_1350,PROD_028,Books,20.75,8.0,3.0,2,5
CUST_1173,PROD_029,Books,26.96,5.0,2.0,0,5
CUST_1127,PROD_001,Books,57.63,7.0,2.0,0,3
CUST_1006,PROD_033,Clothing,71.37,20.0,3.0,0,2
CUST_1020,PROD_018,Books,40.44,10.0,,2,8
CUST_1383,PROD_040,Books,38.05,3.0,0.0,0,0
CUST_1052,PROD_034,Books,40.7,,14.0,3,3
CUST_1211,PROD_033,Clothing,71.37,7.0,5.0,3,0
CUST_1394,PROD_024,Beauty,39.24,,3.0,1,1
CUST_1333,PROD_001,Books,,6.0,2.0,0,0
CUST_1222,PROD_012,Beauty,60.35,10.0,3.0,3,1
CUST_1257,PROD_009,Sports,68.53,13.0,7.0,1,5
CUST_1371,PROD_012,Beauty,,4.0,0.0,0,2
CUST_1393,PROD_030,Sports,67.63,5.0,3.0,1,8
CUST_1311,PROD_036,Electronics,819.91,9.0,0.0,0,2
CUST_1229,PROD_043,Electronics,673.49,7.0,2.0,1,1
CUST_1076,PROD_042,Beauty,22.83,7.0,5.0,2,1
CUST_1160,PROD_003,Beauty,31.38,9.0,5.0,2,0
CUST_1171,PROD_007,Home & Kitchen,35.97,9.0,3.0,2,2
CUST_1034,PROD_022,Books,39.04,9.0,3.0,1,1
CUST_1257,PROD_035,Sports,65.18,5.0,4.0,1,5
CUST_1260,PROD_021,Clothing,143.36,5.0,2.0,2,20
CUST_1349,PROD_035,Sports,65.18,6.0,1.0,1,1
CUST_1284,PROD_042,Beauty,22.83,11.0,5.0,3,3
CUST_1280,PROD_003,,31.38,3.0,0.0,0,1
CUST_1154,PROD_030,Sports,67.63,7.0,2.0,2,3
CUST_1229,PROD_018,Books,40.44,8.0,1.0,0,1
CUST_1205,PROD_011,Books,41.36,4.0,0.0,0,12
CUST_1200,PROD_043,Electronics,673.49,8.0,1.0,0,0
CUST_1079,PROD_008,Clothing,113.86,3.0,1.0,1,1
CUST_1198,PROD_007,Home & Kitchen,35.97,5.0,3.0,1,0
CUST_1305,PROD_036,Electronics,819.91,11.0,5.0,1,8
CUST_1228,PROD_028,Books,20.75,7.0,4.0,2,1
CUST_1297,PROD_022,Books,39.04,7.0,2.0,0,2
CUST_1245,PROD_033,Clothing,71.37,10.0,2.0,2,1
CUST_1306,PROD_027,Home & Kitchen,293.7,7.0,1.0,0,2
CUST_1193,PROD_003,Beauty,31.38,2.0,1.0,0,0
CUST_1397,PROD_014,Clothing,26.07,,4.0,1,2
CUST_1239,PROD_025,Books,33.13,2.0,0.0,0,1
CUST_1337,PROD_019,Home & Kitchen,279.38,3.0,0.0,0,2
CUST_1117,PROD_015,Books,29.59,5.0,2.0,2,8
CUST_1344,PROD_009,Sports,68.53,14.0,7.0,1,8
CUST_1274,PROD_045,Home & Kitchen,87.66,6.0,,1,1
CUST_1397,PROD_040,Books,38.05,12.0,3.0,0,2
CUST_1061,PROD_013,Electronics,481.7,16.0,6.0,2,2
CUST_1045,PROD_025,Books,33.13,3.0,1.0,1,1
CUST_1113,PROD_018,Books,40.44,9.0,2.0,2,2
CUST_1245,PROD_048,Clothing,35.06,6.0,4.0,2,1
CUST_1099,PROD_027,,293.7,22.0,6.0,1,5
CUST_1023,PROD_030,Sports,67.63,15.0,7.0,3,0
CUST_1260,PROD_037,Beauty,55.81,6.0,2.0,1,20
CUST_1251,PROD_044,Books,26.09,7.0,6.0,3,2
CUST_1312,PROD_028,Books,20.75,2.0,0.0,0,2
CUST_1365,PROD_022,Books,39.04,,4.0,3,1
CUST_1097,PROD_037,Beauty,55.81,8.0,1.0,1,1
CUST_1022,PROD_022,Books,39.04,6.0,5.0,1,1
CUST_1370,PROD_013,Electronics,481.7,5.0,3.0,1,1
CUST_1265,PROD_008,Clothing,113.86,8.0,3.0,0,0
CUST_1396,PROD_022,Books,39.04,8.0,1.0,0,1
CUST_1067,PROD_014,Clothing,26.07,11.0,4.0,0,5
CUST_1046,PROD_016,Sports,43.57,5.0,5.0,3,1
CUST_1133,PROD_016,Sports,43.57,14.0,5.0,0,0
CUST_1338,PROD_011,Books,41.36,11.0,5.0,1,1
CUST_1060,PROD_031,Books,20.87,9.0,4.0,1,0
CUST_1251,PROD_001,Books,57.63,8.0,2.0,0,2
CUST_1364,PROD_045,Home & Kitchen,87.66,13.0,6.0,0,0
CUST_1305,PROD_043,Electronics,673.49,9.0,2.0,2,8
CUST_1322,PROD_022,Books,39.04,11.0,4.0,0,0
CUST_1219,PROD_015,Books,29.59,8.0,1.0,0,3
CUST_1013,PROD_003,Beauty,31.38,9.0,3.0,1,2
CUST_1073,PROD_019,Home & Kitchen,279.38,7.0,1.0,0,0
CUST_1279,PROD_017,Sports,65.93,6.0,2.0,1,5
CUST_1325,PROD_008,Clothing,113.86,27.0,17.0,2,3
CUST_1036,PROD_037,Beauty,55.81,5.0,0.0,0,1
CUST_1028,PROD_043,Electronics,673.49,14.0,3.0,0,2
CUST_1135,PROD_048,Clothing,,5.0,1.0,1,0
CUST_1029,PROD_049,Electronics,558.06,5.0,3.0,3,0
CUST_1313,PROD_020,Beauty,62.3,8.0,3.0,3,8
CUST_1224,PROD_040,Books,38.05,10.0,6.0,0,5
CUST_1230,PROD_030,Sports,67.63,6.0,3.0,2,5
CUST_1211,PROD_050,Clothing,32.4,7.0,3.0,2,0
CUST_1197,PROD_006,Books,18.86,13.0,5.0,0,1
CUST_1178,PROD_037,,55.81,9.0,2.0,0,0
CUST_1146,PROD_041,,304.61,9.0,0.0,0,3
CUST_1063,PROD_006,Books,18.86,3.0,2.0,2,8
CUST_1206,PROD_013,Electronics,481.7,6.0,1.0,1,5
CUST_1016,PROD_010,Books,20.8,11.0,8.0,2,8
CUST_1335,PROD_016,Sports,43.57,8.0,5.0,1,1
CUST_1251,PROD_006,Books,,13.0,6.0,3,2
CUST_1257,PROD_004,Home & Kitchen,58.99,7.0,1.0,0,5
CUST_1120,PROD_039,Clothing,145.48,11.0,2.0,1,2
CUST_1278,PROD_023,Clothing,59.6,24.0,9.0,1,2
CUST_1115,PROD_047,Home & Kitchen,51.47,3.0,0.0,0,3
CUST_1055,PROD_034,Books,40.7,5.0,5.0,1,12
CUST_1237,PROD_049,Electronics,558.06,7.0,1.0,1,0
CUST_1204,PROD_042,Beauty,22.83,5.0,2.0,0,1
CUST_1137,PROD_043,Electronics,,11.0,1.0,0,3
CUST_1140,PROD_014,Clothing,26.07,14.0,1.0,0,0
CUST_1268,PROD_037,Beauty,55.81,24.0,12.0,2,20
CUST_1185,PROD_032,Clothing,120.77,10.0,0.0,0,1
CUST_1020,PROD_010,Books,20.8,24.0,17.0,2,8
CUST_1149,PROD_008,Clothing,113.86,5.0,0.0,0,1
CUST_1090,PROD_013,Electronics,481.7,4.0,0.0,0,2
CUST_1085,PROD_004,Home & Kitchen,58.99,20.0,18.0,1,8
CUST_1159,PROD_049,Electronics,558.06,9.0,3.0,0,2
CUST_1318,PROD_016,Sports,43.57,5.0,2.0,0,0
CUST_1107,PROD_021,Clothing,143.36,9.0,3.0,0,3
CUST_1131,PROD_011,Books,41.36,9.0,4.0,3,0
CUST_1094,PROD_012,Beauty,60.35,5.0,3.0,1,1
CUST_1061,PROD_043,Electronics,673.49,23.0,9.0,0,2
CUST_1167,PROD_036,Electronics,819.91,13.0,5.0,0,12
CUST_1102,PROD_014,Clothing,26.07,11.0,6.0,2,2
CUST_1378,PROD_022,Books,39.04,3.0,1.0,1,0
CUST_1395,PROD_041,Electronics,,28.0,9.0,3,1
CUST_1066,PROD_004,Home & Kitchen,58.99,6.0,3.0,0,3
CUST_1337,PROD_042,Beauty,22.83,22.0,6.0,0,2
CUST_1016,PROD_022,Books,39.04,26.0,16.0,2,8
CUST_1154,PROD_009,Sports,68.53,7.0,3.0,2,3
CUST_1308,PROD_031,Books,20.87,2.0,0.0,0,0
CUST_1303,PROD_045,Home & Kitchen,87.66,10.0,9.0,2,0
CUST_1001,PROD_016,Sports,43.57,5.0,3.0,2,1
CUST_1376,PROD_036,Electronics,819.91,15.0,7.0,1,2
CUST_1010,PROD_013,Electronics,481.7,3.0,0.0,0,0
CUST_1227,PROD_030,Sports,67.63,11.0,4.0,2,1
CUST_1107,PROD_014,Clothing,26.07,9.0,3.0,2,3
CUST_1399,PROD_009,Sports,68.53,8.0,5.0,0,8
CUST_1387,PROD_034,Books,40.7,12.0,4.0,1,0
CUST_1168,PROD_008,Clothing,113.86,8.0,6.0,1,0
CUST_1243,PROD_034,Books,,7.0,4.0,0,1
CUST_1239,PROD_009,Sports,68.53,5.0,2.0,1,1
CUST_1164,PROD_022,Books,39.04,9.0,3.0,0,0
CUST_1273,PROD_048,Clothing,35.06,6.0,0.0,0,0
CUST_1001,PROD_024,Beauty,39.24,14.0,0.0,0,1
CUST_1185,PROD_002,Home & Kitchen,256.11,9.0,0.0,0,1
CUST_1063,PROD_016,Sports,43.57,15.0,7.0,2,8
CUST_1239,PROD_035,Sports,65.18,8.0,4.0,3,1
CUST_1195,PROD_011,Books,41.36,14.0,3.0,1,2
CUST_1213,PROD_004,Home & Kitchen,58.99,7.0,2.0,2,2
CUST_1113,PROD_015,Books,29.59,6.0,2.0,1,2
CUST_1297,PROD_017,Sports,65.93,12.0,2.0,0,2
CUST_1293,PROD_023,Clothing,59.6,7.0,4.0,2,5
CUST_1337,PROD_012,Beauty,60.35,8.0,5.0,1,2
CUST_1255,PROD_017,Sports,65.93,9.0,1.0,0,2
CUST_1288,PROD_020,Beauty,62.3,6.0,1.0,1,3
CUST_1273,PROD_046,Home & Kitchen,259.15,7.0,0.0,0,0
CUST_1189,PROD_029,Books,26.96,5.0,2.0,0,5
CUST_1091,PROD_018,Books,40.44,6.0,3.0,2,0
CUST_1310,PROD_021,Clothing,143.36,6.0,2.0,1,0
CUST_1244,PROD_038,Clothing,90.16,7.0,2.0,2,0
CUST_1224,PROD_028,Books,20.75,11.0,8.0,1,5
CUST_1254,PROD_027,Home & Kitchen,293.7,12.0,1.0,0,1
CUST_1241,PROD_032,Clothing,120.77,6.0,4.0,3,12
CUST_1308,PROD_025,Books,33.13,12.0,3.0,0,0
CUST_1021,PROD_004,,58.99,19.0,6.0,2,1
CUST_1289,PROD_045,Home & Kitchen,87.66,7.0,5.0,2,0
CUST_1083,PROD_035,Sports,65.18,16.0,,0,1
CUST_1183,PROD_001,Books,57.63,10.0,7.0,0,1
CUST_1091,PROD_048,Clothing,35.06,10.0,1.0,0,0
CUST_1385,PROD_024,Beauty,39.24,6.0,2.0,0,0
CUST_1270,PROD_038,Clothing,90.16,5.0,0.0,0,3
CUST_1144,PROD_020,Beauty,62.3,6.0,2.0,0,2
CUST_1226,PROD_004,Home & Kitchen,58.99,17.0,12.0,3,2
CUST_1167,PROD_033,Clothing,71.37,5.0,2.0,1,12
CUST_1341,PROD_038,Clothing,90.16,6.0,1.0,0,2
CUST_1248,PROD_029,Books,26.96,10.0,7.0,3,20
CUST_1036,PROD_042,Beauty,22.83,10.0,5.0,2,1
CUST_1211,PROD_032,Clothing,120.77,6.0,2.0,1,0
CUST_1259,PROD_049,Electronics,558.06,5.0,1.0,1,5
CUST_1314,PROD_009,Sports,68.53,,0.0,0,2
CUST_1288,PROD_025,Books,33.13,17.0,3.0,0,3
CUST_1391,PROD_036,Electronics,819.91,7.0,2.0,1,8
CUST_1305,PROD_044,Books,26.09,4.0,2.0,1,8
CUST_1376,PROD_008,Clothing,113.86,2.0,0.0,0,2
CUST_1291,PROD_029,Books,26.96,8.0,2.0,0,2
CUST_1162,PROD_031,Books,20.87,6.0,0.0,0,5
CUST_1227,PROD_030,,67.63,5.0,0.0,0,1
CUST_1263,PROD_046,Home & Kitchen,259.15,8.0,2.0,2,5
CUST_1051,PROD_012,Beauty,60.35,5.0,1.0,0,5
CUST_1208,PROD_035,Sports,65.18,8.0,3.0,1,0
CUST_1224,PROD_003,Beauty,31.38,2.0,1.0,0,5
CUST_1362,PROD_040,Books,38.05,14.0,8.0,2,0
CUST_1340,PROD_018,Books,40.44,5.0,3.0,3,2
CUST_1306,PROD_044,Books,26.09,2.0,0.0,0,2
CUST_1080,PROD_027,Home & Kitchen,293.7,5.0,3.0,3,3
CUST_1081,PROD_013,,481.7,5.0,0.0,0,2
CUST_1201,PROD_024,Beauty,39.24,8.0,5.0,3,2
CUST_1124,PROD_030,Sports,67.63,14.0,7.0,2,2
CUST_1072,PROD_013,Electronics,481.7,4.0,0.0,0,12
CUST_1355,PROD_014,Clothing,26.07,4.0,1.0,1,1
CUST_1150,PROD_016,,43.57,12.0,,3,3
CUST_1341,PROD_048,Clothing,35.06,6.0,3.0,0,2
CUST_1066,PROD_027,Home & Kitchen,293.7,8.0,3.0,0,3
CUST_1295,PROD_002,Home & Kitchen,256.11,,0.0,0,8
CUST_1134,PROD_005,Home & Kitchen,281.19,8.0,3.0,3,1
CUST_1257,PROD_030,Sports,67.63,12.0,7.0,3,5
CUST_1392,PROD_002,Home & Kitchen,256.11,2.0,0.0,0,3
CUST_1316,PROD_039,Clothing,145.48,7.0,6.0,1,5
CUST_1271,PROD_001,Books,57.63,2.0,0.0,0,5
CUST_1336,PROD_001,Books,57.63,11.0,5.0,2,1
CUST_1215,PROD_032,Clothing,120.77,6.0,0.0,0,1
CUST_1190,PROD_026,Books,35.77,9.0,,0,1
CUST_1216,PROD_036,Electronics,819.91,11.0,3.0,0,2
CUST_1031,PROD_020,Beauty,62.3,6.0,1.0,0,1
CUST_1202,PROD_022,Books,39.04,,1.0,0,2
CUST_1361,PROD_023,Clothing,59.6,8.0,5.0,1,1
CUST_1090,PROD_024,Beauty,,6.0,2.0,0,2
CUST_1359,PROD_004,Home & Kitchen,58.99,6.0,2.0,0,5
CUST_1101,PROD_045,Home & Kitchen,87.66,8.0,1.0,0,1
CUST_1048,PROD_022,Books,39.04,8.0,3.0,3,2
CUST_1034,PROD_011,Books,41.36,6.0,3.0,2,1
CUST_1306,PROD_045,Home & Kitchen,87.66,7.0,4.0,2,2
CUST_1372,PROD_021,Clothing,143.36,6.0,3.0,2,20
CUST_1378,PROD_050,Clothing,32.4,2.0,0.0,0,0
CUST_1191,PROD_014,,26.07,9.0,0.0,0,1
CUST_1102,PROD_050,Clothing,32.4,11.0,5.0,3,2
CUST_1022,PROD_037,Beauty,55.81,2.0,0.0,0,1
CUST_1320,PROD_033,Clothing,71.37,18.0,3.0,0,5
CUST_1307,PROD_044,Books,26.09,21.0,6.0,0,2
CUST_1048,PROD_050,Clothing,32.4,4.0,2.0,1,2
CUST_1123,PROD_036,Electronics,819.91,6.0,0.0,0,0
CUST_1001,PROD_017,Sports,65.93,5.0,2.0,2,1
CUST_1348,PROD_032,Clothing,120.77,22.0,3.0,0,0
CUST_1029,PROD_043,Electronics,673.49,10.0,4.0,0,0
CUST_1147,PROD_049,Electronics,558.06,15.0,3.0,0,1
CUST_1211,PROD_045,Home & Kitchen,87.66,12.0,3.0,0,0
CUST_1253,PROD_047,Home & Kitchen,51.47,6.0,3.0,0,5
CUST_1309,PROD_003,Beauty,31.38,10.0,4.0,3,1
CUST_1142,PROD_020,Beauty,62.3,6.0,3.0,3,3
CUST_1163,PROD_024,Beauty,39.24,3.0,2.0,2,1
CUST_1220,PROD_036,,819.91,22.0,5.0,0,8
CUST_1262,PROD_033,Clothing,71.37,5.0,3.0,3,1
CUST_1066,PROD_047,Home & Kitchen,51.47,12.0,10.0,2,3
CUST_1107,PROD_023,Clothing,59.6,17.0,5.0,2,3
CUST_1089,PROD_013,Electronics,481.7,12.0,1.0,0,0
CUST_1305,PROD_030,Sports,67.63,4.0,0.0,1,8
CUST_1298,PROD_014,Clothing,26.07,18.0,11.0,1,3
CUST_1186,PROD_013,Electronics,481.7,2.0,0.0,1,3
CUST_1194,PROD_021,Clothing,143.36,3.0,0.0,0,12
CUST_1043,PROD_041,Electronics,304.61,20.0,1.0,0,1
CUST_1015,PROD_010,Books,20.8,6.0,1.0,0,3
CUST_1099,PROD_015,Books,29.59,14.0,4.0,2,5
CUST_1352,PROD_021,Clothing,143.36,6.0,1.0,0,0
CUST_1221,PROD_040,Books,38.05,15.0,3.0,1,2
CUST_1156,PROD_020,Beauty,62.3,10.0,7.0,1,8
CUST_1053,PROD_007,Home & Kitchen,35.97,7.0,5.0,3,3
CUST_1099,PROD_010,Books,,6.0,4.0,3,5
CUST_1029,PROD_016,Sports,43.57,7.0,3.0,0,0
CUST_1181,PROD_018,,40.44,5.0,,0,3
CUST_1131,PROD_050,Clothing,32.4,9.0,0.0,0,0
CUST_1382,PROD_007,Home & Kitchen,35.97,3.0,1.0,0,0
CUST_1035,PROD_032,Clothing,120.77,5.0,1.0,0,3
CUST_1234,PROD_015,Books,29.59,7.0,3.0,2,0
CUST_1281,PROD_049,Electronics,558.06,9.0,3.0,0,2
CUST_1125,PROD_037,Beauty,55.81,5.0,4.0,2,2
CUST_1268,PROD_012,Beauty,60.35,5.0,2.0,1,20
CUST_1294,PROD_042,Beauty,22.83,6.0,2.0,1,5
CUST_1334,PROD_036,Electronics,819.91,8.0,3.0,0,5
CUST_1239,PROD_009,Sports,68.53,6.0,5.0,2,1
CUST_1103,PROD_017,Sports,65.93,5.0,1.0,1,3
CUST_1085,PROD_046,Home & Kitchen,259.15,9.0,4.0,2,8
CUST_1341,PROD_037,Beauty,55.81,6.0,2.0,2,2
CUST_1175,PROD_045,Home & Kitchen,87.66,10.0,,2,1
CUST_1288,PROD_039,Clothing,145.48,5.0,2.0,1,3
CUST_1114,PROD_017,Sports,65.93,7.0,2.0,2,3
CUST_1359,PROD_005,Home & Kitchen,281.19,13.0,3.0,0,5
CUST_1332,PROD_027,Home & Kitchen,293.7,7.0,1.0,0,3
CUST_1307,PROD_036,Electronics,819.91,2.0,0.0,0,2
CUST_1062,PROD_043,Electronics,673.49,13.0,4.0,0,1
CUST_1012,PROD_016,Sports,43.57,7.0,2.0,0,8
CUST_1320,PROD_026,Books,35.77,8.0,3.0,0,5
CUST_1318,PROD_050,Clothing,32.4,5.0,,0,0
CUST_1368,PROD_018,Books,40.44,8.0,,0,8
CUST_1051,PROD_024,Beauty,39.24,9.0,4.0,2,5
CUST_1234,PROD_019,Home & Kitchen,279.38,5.0,0.0,0,0
CUST_1047,PROD_029,Books,26.96,5.0,3.0,2,20
CUST_1341,PROD_019,Home & Kitchen,279.38,23.0,4.0,0,2
CUST_1180,PROD_015,Books,29.59,4.0,2.0,0,2
CUST_1148,PROD_018,Books,40.44,6.0,3.0,3,0
CUST_1333,PROD_040,Books,,25.0,10.0,2,0
CUST_1318,PROD_009,Sports,68.53,15.0,5.0,2,0
CUST_1130,PROD_046,Home & Kitchen,259.15,11.0,4.0,0,3
CUST_1344,PROD_043,Electronics,673.49,3.0,0.0,0,8
CUST_1047,PROD_015,Books,29.59,5.0,4.0,2,20
CUST_1382,PROD_036,Electronics,819.91,8.0,1.0,0,0
CUST_1030,PROD_028,Books,20.75,,1.0,1,1
CUST_1198,PROD_047,Home & Kitchen,51.47,5.0,3.0,1,0
CUST_1222,PROD_003,Beauty,31.38,7.0,5.0,3,1
CUST_1068,PROD_017,Sports,65.93,18.0,14.0,3,5
CUST_1314,PROD_049,Electronics,558.06,27.0,8.0,0,2
CUST_1270,PROD_020,Beauty,62.3,6.0,3.0,1,3
CUST_1358,PROD_022,Books,39.04,6.0,,0,0
CUST_1082,PROD_004,Home & Kitchen,,10.0,6.0,3,1
CUST_1340,PROD_004,Home & Kitchen,58.99,3.0,1.0,1,2
CUST_1302,PROD_013,Electronics,481.7,16.0,4.0,3,2
CUST_1156,PROD_042,Beauty,22.83,6.0,2.0,1,8
CUST_1090,PROD_042,Beauty,22.83,8.0,4.0,2,2
CUST_1095,PROD_001,Books,57.63,3.0,0.0,0,1
CUST_1038,PROD_040,Books,38.05,6.0,2.0,1,2
CUST_1203,PROD_042,Beauty,22.83,6.0,4.0,0,3
CUST_1174,PROD_039,Clothing,145.48,5.0,2.0,0,1
CUST_1068,PROD_009,Sports,68.53,13.0,9.0,2,5
CUST_1304,PROD_030,Sports,67.63,7.0,1.0,0,0
CUST_1319,PROD_016,Sports,43.57,3.0,1.0,0,0
CUST_1121,PROD_012,Beauty,60.35,7.0,,2,5
CUST_1047,PROD_026,Books,35.77,6.0,5.0,2,20
CUST_1359,PROD_002,Home & Kitchen,256.11,6.0,2.0,0,5
CUST_1266,PROD_030,Sports,67.63,2.0,1.0,0,0
CUST_1385,PROD_020,,62.3,,5.0,2,0
CUST_1154,PROD_030,Sports,67.63,31.0,13.0,3,3
CUST_1233,PROD_009,Sports,68.53,11.0,5.0,0,8
CUST_1258,PROD_049,Electronics,558.06,21.0,3.0,0,0
CUST_1184,PROD_009,Sports,68.53,6.0,1.0,1,2
CUST_1045,PROD_004,Home & Kitchen,58.99,6.0,3.0,2,1
CUST_1397,PROD_039,Clothing,145.48,9.0,5.0,3,2
CUST_1066,PROD_047,Home & Kitchen,51.47,,4.0,2,3
CUST_1279,PROD_017,Sports,65.93,7.0,4.0,1,5
CUST_1169,PROD_037,Beauty,55.81,11.0,6.0,0,0
CUST_1264,PROD_036,Electronics,819.91,15.0,6.0,2,5
CUST_1319,PROD_020,Beauty,62.3,11.0,4.0,3,0
CUST_1203,PROD_024,Beauty,39.24,10.0,5.0,1,3
CUST_1360,PROD_033,Clothing,71.37,,3.0,1,2
CUST_1018,PROD_042,Beauty,22.83,7.0,4.0,0,8
CUST_1183,PROD_025,Books,33.13,7.0,3.0,2,1
CUST_1222,PROD_015,Books,29.59,2.0,1.0,0,1
CUST_1362,PROD_001,,57.63,7.0,4.0,1,0
CUST_1249,PROD_047,Home & Kitchen,51.47,11.0,2.0,0,0
CUST_1098,PROD_042,Beauty,22.83,6.0,2.0,1,2
CUST_1128,PROD_034,Books,40.7,14.0,9.0,2,5
CUST_1149,PROD_039,Clothing,145.48,2.0,0.0,0,1
CUST_1379,PROD_050,Clothing,32.4,3.0,3.0,3,5
CUST_1249,PROD_030,,67.63,7.0,2.0,2,0
CUST_1028,PROD_048,Clothing,35.06,3.0,0.0,0,2
CUST_1025,PROD_033,,71.37,14.0,3.0,1,5
CUST_1281,PROD_041,Electronics,304.61,22.0,8.0,3,2
CUST_1115,PROD_004,Home & Kitchen,58.99,5.0,1.0,0,3
CUST_1301,PROD_045,Home & Kitchen,87.66,15.0,9.0,3,0
CUST_1124,PROD_035,Sports,65.18,5.0,2.0,2,2
CUST_1317,PROD_043,,673.49,5.0,1.0,1,3
CUST_1049,PROD_049,Electronics,558.06,,2.0,0,0
CUST_1301,PROD_007,Home & Kitchen,35.97,10.0,5.0,0,0
CUST_1290,PROD_008,Clothing,113.86,14.0,7.0,2,1
CUST_1221,PROD_017,Sports,65.93,9.0,5.0,3,2
CUST_1398,PROD_007,Home & Kitchen,35.97,14.0,6.0,0,2
CUST_1186,PROD_020,Beauty,,,6.0,2,3
CUST_1210,PROD_036,Electronics,819.91,7.0,2.0,0,5
CUST_1305,PROD_036,Electronics,819.91,5.0,3.0,3,8
CUST_1061,PROD_043,Electronics,673.49,5.0,2.0,2,2
CUST_1038,PROD_011,Books,41.36,15.0,2.0,0,2
CUST_1282,PROD_028,Books,20.75,12.0,1.0,0,0
CUST_1239,PROD_030,Sports,67.63,7.0,3.0,2,1
CUST_1169,PROD_024,Beauty,39.24,14.0,8.0,2,0
CUST_1394,PROD_014,Clothing,26.07,4.0,1.0,1,1
CUST_1150,PROD_016,Sports,43.57,14.0,7.0,2,3
CUST_1191,PROD_047,Home & Kitchen,51.47,5.0,1.0,1,1
CUST_1014,PROD_009,Sports,68.53,14.0,3.0,0,1
CUST_1326,PROD_017,Sports,65.93,5.0,3.0,2,0
CUST_1024,PROD_041,,,6.0,3.0,1,3
CUST_1132,PROD_048,Clothing,35.06,10.0,4.0,3,2
CUST_1204,PROD_047,Home & Kitchen,51.47,6.0,0.0,0,1
CUST_1155,PROD_010,Books,20.8,3.0,1.0,1,2
CUST_1063,PROD_016,Sports,43.57,7.0,2.0,2,8
CUST_1338,PROD_049,Electronics,558.06,6.0,1.0,0,1
CUST_1032,PROD_013,Electronics,481.7,12.0,3.0,0,1
CUST_1174,PROD_023,Clothing,59.6,10.0,6.0,3,1
CUST_1319,PROD_020,Beauty,62.3,,,3,0
CUST_1216,PROD_004,Home & Kitchen,58.99,15.0,2.0,0,2
CUST_1143,PROD_037,Beauty,55.81,7.0,3.0,2,3
CUST_1211,PROD_049,Electronics,558.06,2.0,0.0,0,0
CUST_1332,PROD_043,Electronics,673.49,9.0,0.0,0,3
CUST_1080,PROD_019,Home & Kitchen,279.38,12.0,3.0,0,3
CUST_1048,PROD_044,Books,26.09,7.0,1.0,1,2
CUST_1061,PROD_013,Electronics,,7.0,0.0,0,2
CUST_1344,PROD_017,Sports,65.93,5.0,,1,8
CUST_1209,PROD_048,,35.06,2.0,1.0,1,1
CUST_1213,PROD_005,Home & Kitchen,281.19,6.0,2.0,1,2
CUST_1347,PROD_020,Beauty,62.3,6.0,4.0,3,8
CUST_1111,PROD_007,Home & Kitchen,35.97,7.0,2.0,0,5
CUST_1318,PROD_009,Sports,68.53,36.0,15.0,0,0
CUST_1085,PROD_046,Home & Kitchen,259.15,11.0,5.0,1,8
CUST_1334,PROD_013,Electronics,481.7,5.0,3.0,0,5
CUST_1232,PROD_001,Books,57.63,8.0,3.0,0,1
CUST_1196,PROD_012,Beauty,60.35,6.0,2.0,0,0
CUST_1015,PROD_047,Home & Kitchen,51.47,10.0,8.0,1,3
CUST_1290,PROD_008,Clothing,113.86,9.0,,1,1
CUST_1393,PROD_016,Sports,43.57,6.0,3.0,2,8
CUST_1264,PROD_041,Electronics,304.61,11.0,6.0,2,5
CUST_1387,PROD_040,Books,38.05,8.0,2.0,2,0
CUST_1010,PROD_003,Beauty,31.38,7.0,1.0,0,0
CUST_1318,PROD_030,Sports,67.63,8.0,5.0,1,0
CUST_1240,PROD_028,Books,20.75,8.0,2.0,0,8
CUST_1061,PROD_027,Home & Kitchen,293.7,2.0,0.0,0,2
CUST_1342,PROD_043,Electronics,673.49,7.0,2.0,2,2
CUST_1322,PROD_041,Electronics,304.61,14.0,0.0,0,0
CUST_1107,PROD_039,Clothing,145.48,8.0,6.0,2,3
CUST_1190,PROD_016,Sports,43.57,5.0,2.0,1,1
CUST_1093,PROD_022,,39.04,21.0,15.0,2,12
CUST_1351,PROD_021,Clothing,143.36,4.0,0.0,0,1
CUST_1136,PROD_024,Beauty,39.24,10.0,5.0,2,0
CUST_1327,PROD_045,,87.66,13.0,6.0,1,3
CUST_1383,PROD_002,Home & Kitchen,256.11,8.0,2.0,2,0
CUST_1386,PROD_049,Electronics,558.06,6.0,4.0,3,3
CUST_1336,PROD_011,Books,41.36,18.0,11.0,3,1
CUST_1237,PROD_043,Electronics,673.49,5.0,1.0,0,0
CUST_1201,PROD_004,Home & Kitchen,,12.0,1.0,0,2
CUST_1074,PROD_035,Sports,65.18,6.0,2.0,2,2
CUST_1090,PROD_035,Sports,65.18,9.0,5.0,3,2
CUST_1083,PROD_019,Home & Kitchen,279.38,14.0,1.0,0,1
CUST_1399,PROD_034,Books,40.7,4.0,1.0,1,8
CUST_1348,PROD_032,Clothing,120.77,22.0,3.0,0,0
CUST_1269,PROD_008,Clothing,113.86,10.0,2.0,0,8
CUST_1106,PROD_019,Home & Kitchen,279.38,7.0,2.0,1,1
CUST_1321,PROD_048,,35.06,6.0,2.0,2,2
CUST_1376,PROD_036,Electronics,819.91,13.0,5.0,2,2
CUST_1239,PROD_017,Sports,65.93,8.0,4.0,2,1
CUST_1032,PROD_049,Electronics,558.06,21.0,,3,1
CUST_1045,PROD_005,Home & Kitchen,281.19,12.0,3.0,0,1
CUST_1253,PROD_039,Clothing,145.48,8.0,0.0,0,5
CUST_1258,PROD_037,Beauty,55.81,10.0,4.0,1,0
CUST_1039,PROD_043,Electronics,673.49,2.0,0.0,0,0
CUST_1293,PROD_023,Clothing,59.6,20.0,9.0,1,5
CUST_1098,PROD_003,Beauty,31.38,9.0,2.0,1,2
CUST_1126,PROD_003,Beauty,31.38,6.0,3.0,1,1
CUST_1092,PROD_041,,304.61,14.0,4.0,0,0
CUST_1235,PROD_005,Home & Kitchen,281.19,19.0,3.0,0,3
CUST_1240,PROD_049,Electronics,558.06,7.0,3.0,2,8
CUST_1148,PROD_010,Books,20.8,8.0,5.0,2,0
CUST_1268,PROD_006,Books,18.86,2.0,1.0,1,20
CUST_1341,PROD_050,Clothing,32.4,14.0,8.0,2,2
CUST_1396,PROD_046,Home & Kitchen,259.15,4.0,1.0,0,1
CUST_1260,PROD_023,Clothing,59.6,6.0,3.0,3,20
CUST_1283,PROD_042,Beauty,22.83,3.0,,0,1
CUST_1030,PROD_047,Home & Kitchen,51.47,12.0,2.0,2,1
CUST_1169,PROD_020,Beauty,62.3,8.0,3.0,2,0
CUST_1233,PROD_042,Beauty,22.83,6.0,1.0,1,8
CUST_1188,PROD_041,Electronics,304.61,8.0,3.0,3,2
CUST_1005,PROD_035,Sports,65.18,6.0,4.0,2,5
CUST_1166,PROD_042,Beauty,22.83,6.0,2.0,2,3
CUST_1037,PROD_049,Electronics,558.06,,2.0,0,1
CUST_1329,PROD_026,Books,35.77,10.0,5.0,1,0
CUST_1211,PROD_004,Home & Kitchen,58.99,4.0,1.0,0,0
CUST_1199,PROD_037,Beauty,55.81,6.0,4.0,3,5
CUST_1396,PROD_013,Electronics,481.7,5.0,1.0,0,1
CUST_1258,PROD_037,Beauty,55.81,6.0,5.0,2,0
CUST_1327,PROD_045,Home & Kitchen,87.66,7.0,3.0,2,3
CUST_1136,PROD_020,Beauty,62.3,9.0,6.0,2,0
CUST_1037,PROD_049,,558.06,31.0,11.0,0,1
CUST_1021,PROD_027,Home & Kitchen,293.7,13.0,5.0,2,1
CUST_1131,PROD_022,Books,39.04,8.0,6.0,2,0
CUST_1179,PROD_049,Electronics,,11.0,1.0,1,5
CUST_1044,PROD_028,Books,20.75,6.0,2.0,1,0
CUST_1284,PROD_024,Beauty,39.24,17.0,6.0,2,3
CUST_1168,PROD_032,Clothing,120.77,5.0,5.0,1,0
CUST_1296,PROD_050,Clothing,32.4,5.0,2.0,2,5
CUST_1065,PROD_043,Electronics,673.49,24.0,14.0,3,1
CUST_1212,PROD_042,Beauty,22.83,17.0,5.0,2,0
CUST_1003,PROD_009,Sports,68.53,11.0,6.0,3,8
CUST_1133,PROD_009,Sports,68.53,,0.0,0,0
CUST_1254,PROD_023,Clothing,59.6,13.0,10.0,3,1
CUST_1370,PROD_005,Home & Kitchen,281.19,5.0,0.0,1,1
CUST_1299,PROD_013,Electronics,481.7,2.0,0.0,0,1
CUST_1133,PROD_036,Electronics,819.91,6.0,1.0,0,0
CUST_1251,PROD_022,Books,39.04,6.0,2.0,0,2
CUST_1261,PROD_044,Books,26.09,7.0,1.0,0,1
CUST_1304,PROD_049,Electronics,558.06,16.0,2.0,0,0
CUST_1289,PROD_018,Books,40.44,14.0,5.0,3,0
CUST_1257,PROD_047,Home & Kitchen,51.47,,5.0,0,5
CUST_1244,PROD_023,Clothing,59.6,10.0,5.0,1,0
CUST_1167,PROD_015,Books,29.59,4.0,1.0,0,12
CUST_1380,PROD_022,Books,39.04,5.0,1.0,0,1
CUST_1292,PROD_010,Books,20.8,5.0,2.0,0,1
CUST_1142,PROD_012,Beauty,60.35,13.0,4.0,2,3
CUST_1291,PROD_001,Books,57.63,10.0,2.0,1,2
CUST_1229,PROD_035,Sports,65.18,,1.0,0,1
CUST_1220,PROD_045,Home & Kitchen,87.66,9.0,3.0,1,8
CUST_1118,PROD_018,Books,40.44,11.0,4.0,0,2
CUST_1394,PROD_003,Beauty,31.38,8.0,3.0,2,1
CUST_1148,PROD_025,Books,33.13,23.0,8.0,2,0
CUST_1244,PROD_021,Clothing,143.36,8.0,5.0,3,0
CUST_1248,PROD_022,Books,39.04,6.0,1.0,1,20
CUST_1054,PROD_027,Home & Kitchen,293.7,11.0,2.0,2,1
CUST_1341,PROD_021,Clothing,143.36,10.0,4.0,3,2
CUST_1113,PROD_027,Home & Kitchen,,2.0,0.0,0,2
CUST_1061,PROD_026,Books,35.77,4.0,1.0,0,2
CUST_1083,PROD_035,Sports,65.18,8.0,4.0,2,1
CUST_1160,PROD_037,Beauty,55.81,11.0,5.0,1,0
CUST_1032,PROD_036,Electronics,,21.0,6.0,0,1
CUST_1397,PROD_038,Clothing,90.16,6.0,3.0,1,2
CUST_1330,PROD_016,Sports,43.57,28.0,10.0,0,1
CUST_1017,PROD_022,Books,39.04,4.0,1.0,1,1
CUST_1337,PROD_037,Beauty,55.81,13.0,5.0,2,2
CUST_1186,PROD_022,Books,39.04,11.0,3.0,3,3
CUST_1328,PROD_005,Home & Kitchen,281.19,2.0,0.0,0,3
CUST_1180,PROD_043,Electronics,673.49,7.0,0.0,0,2
CUST_1317,PROD_043,Electronics,673.49,7.0,2.0,1,3
CUST_1072,PROD_011,Books,41.36,10.0,,3,12
CUST_1226,PROD_019,Home & Kitchen,279.38,6.0,2.0,0,2
CUST_1183,PROD_020,Beauty,62.3,7.0,4.0,0,1
CUST_1340,PROD_025,Books,33.13,,3.0,3,2
CUST_1216,PROD_049,Electronics,558.06,25.0,6.0,3,2
CUST_1315,PROD_042,Beauty,22.83,6.0,1.0,1,1
CUST_1280,PROD_002,Home & Kitchen,256.11,7.0,2.0,2,1
CUST_1103,PROD_020,Beauty,62.3,7.0,1.0,0,3
CUST_1361,PROD_008,,113.86,10.0,4.0,0,1
CUST_1162,PROD_005,Home & Kitchen,281.19,6.0,3.0,2,5
CUST_1343,PROD_040,Books,38.05,6.0,1.0,0,1
CUST_1117,PROD_028,Books,20.75,8.0,5.0,2,8
CUST_1029,PROD_036,Electronics,819.91,7.0,2.0,1,0
CUST_1127,PROD_049,Electronics,558.06,6.0,1.0,1,3
CUST_1155,PROD_045,Home & Kitchen,,2.0,1.0,1,2
CUST_1067,PROD_005,Home & Kitchen,281.19,13.0,8.0,1,5
CUST_1069,PROD_025,Books,33.13,6.0,3.0,3,0
CUST_1316,PROD_021,Clothing,143.36,8.0,3.0,2,5
CUST_1038,PROD_033,Clothing,71.37,18.0,10.0,3,2
CUST_1319,PROD_002,Home & Kitchen,256.11,,0.0,0,0
CUST_1322,PROD_007,Home & Kitchen,35.97,6.0,1.0,0,0
CUST_1333,PROD_040,Books,38.05,25.0,14.0,1,0
CUST_1062,PROD_045,Home & Kitchen,87.66,6.0,1.0,0,1
CUST_1082,PROD_045,,87.66,8.0,6.0,2,1
CUST_1081,PROD_041,Electronics,304.61,9.0,3.0,3,2
CUST_1326,PROD_004,Home & Kitchen,58.99,2.0,0.0,0,0
CUST_1112,PROD_036,Electronics,819.91,5.0,,1,2
CUST_1387,PROD_026,Books,,6.0,3.0,3,0
CUST_1177,PROD_032,Clothing,120.77,5.0,4.0,1,3
CUST_1124,PROD_035,Sports,65.18,14.0,6.0,2,2
CUST_1366,PROD_030,Sports,67.63,4.0,0.0,0,2
CUST_1019,PROD_016,Sports,,6.0,0.0,0,0
CUST_1283,PROD_046,Home & Kitchen,259.15,5.0,2.0,2,1
CUST_1146,PROD_019,Home & Kitchen,279.38,6.0,1.0,1,3
CUST_1147,PROD_036,Electronics,819.91,15.0,4.0,0,1
CUST_1161,PROD_009,Sports,68.53,7.0,1.0,0,0
CUST_1066,PROD_027,Home & Kitchen,293.7,10.0,2.0,0,3
CUST_1329,PROD_037,Beauty,55.81,2.0,1.0,1,0
CUST_1177,PROD_014,Clothing,26.07,5.0,3.0,3,3
CUST_1350,PROD_029,Books,26.96,14.0,6.0,1,5
CUST_1399,PROD_035,Sports,65.18,27.0,12.0,3,8
CUST_1112,PROD_014,Clothing,26.07,2.0,0.0,0,2
CUST_1157,PROD_045,Home & Kitchen,87.66,7.0,0.0,0,1
CUST_1333,PROD_046,Home & Kitchen,259.15,8.0,0.0,0,0
CUST_1068,PROD_035,Sports,65.18,13.0,5.0,1,5
CUST_1331,PROD_012,Beauty,60.35,4.0,0.0,0,1
CUST_1355,PROD_016,Sports,43.57,18.0,12.0,1,1
CUST_1313,PROD_010,Books,20.8,5.0,,0,8
CUST_1092,PROD_013,Electronics,481.7,5.0,2.0,2,0
CUST_1002,PROD_027,Home & Kitchen,293.7,5.0,2.0,0,2
CUST_1186,PROD_016,Sports,43.57,,1.0,0,3
CUST_1010,PROD_012,Beauty,,5.0,1.0,1,0
CUST_1121,PROD_024,Beauty,39.24,6.0,4.0,1,5
CUST_1317,PROD_043,Electronics,673.49,12.0,4.0,3,3
CUST_1249,PROD_016,Sports,43.57,7.0,4.0,2,0
CUST_1274,PROD_001,,57.63,6.0,0.0,0,1
CUST_1260,PROD_023,Clothing,59.6,11.0,7.0,0,20
CUST_1082,PROD_030,Sports,67.63,12.0,4.0,0,1
CUST_1130,PROD_046,Home & Kitchen,259.15,12.0,4.0,3,3
CUST_1334,PROD_041,Electronics,304.61,23.0,9.0,2,5
CUST_1306,PROD_005,Home & Kitchen,281.19,8.0,0.0,0,2
CUST_1141,PROD_036,Electronics,819.91,6.0,3.0,1,3
CUST_1249,PROD_030,Sports,67.63,6.0,4.0,3,0
CUST_1270,PROD_003,Beauty,31.38,5.0,3.0,0,3
CUST_1306,PROD_047,Home & Kitchen,51.47,12.0,4.0,2,2
CUST_1300,PROD_049,Electronics,558.06,16.0,1.0,0,2
CUST_1196,PROD_019,Home & Kitchen,279.38,3.0,2.0,1,0
CUST_1216,PROD_036,Electronics,819.91,11.0,4.0,1,2
CUST_1288,PROD_008,Clothing,113.86,12.0,4.0,0,3
CUST_1378,PROD_042,Beauty,22.83,2.0,0.0,0,0
CUST_1275,PROD_026,Books,35.77,8.0,3.0,3,1
CUST_1357,PROD_009,Sports,,5.0,3.0,2,12
CUST_1351,PROD_017,Sports,65.93,8.0,4.0,1,1
CUST_1229,PROD_036,Electronics,819.91,12.0,2.0,0,1
CUST_1161,PROD_048,Clothing,35.06,15.0,7.0,2,0
CUST_1001,PROD_017,Sports,65.93,6.0,2.0,0,1
CUST_1156,PROD_020,Beauty,62.3,11.0,9.0,1,8
CUST_1354,PROD_024,Beauty,39.24,7.0,4.0,2,20
CUST_1154,PROD_035,Sports,65.18,23.0,10.0,2,3
CUST_1198,PROD_002,Home & Kitchen,256.11,5.0,2.0,1,0
CUST_1309,PROD_003,Beauty,31.38,32.0,16.0,0,1
CUST_1131,PROD_005,Home & Kitchen,281.19,6.0,1.0,0,0
CUST_1092,PROD_015,Books,29.59,11.0,4.0,0,0
CUST_1163,PROD_007,Home & Kitchen,35.97,5.0,,0,1
CUST_1051,PROD_022,Books,39.04,3.0,1.0,1,5
CUST_1148,PROD_006,Books,18.86,13.0,4.0,1,0
CUST_1339,PROD_004,Home & Kitchen,58.99,20.0,5.0,0,2
CUST_1079,PROD_025,Books,33.13,5.0,3.0,2,1
CUST_1314,PROD_049,Electronics,558.06,13.0,3.0,0,2
CUST_1190,PROD_029,Books,26.96,3.0,2.0,0,1
CUST_1009,PROD_014,Clothing,26.07,12.0,,3,0
CUST_1044,PROD_035,Sports,65.18,2.0,0.0,0,0
CUST_1367,PROD_030,Sports,67.63,14.0,2.0,0,2
CUST_1034,PROD_015,Books,29.59,12.0,4.0,0,1
CUST_1269,PROD_030,Sports,67.63,5.0,5.0,2,8
CUST_1132,PROD_003,Beauty,31.38,5.0,1.0,1,2
CUST_1236,PROD_033,Clothing,71.37,5.0,1.0,0,2
CUST_1052,PROD_011,Books,41.36,12.0,6.0,2,3
CUST_1028,PROD_048,Clothing,35.06,3.0,1.0,0,2
CUST_1004,PROD_010,Books,20.8,3.0,1.0,0,1
CUST_1094,PROD_048,Clothing,35.06,2.0,1.0,0,1
CUST_1209,PROD_014,Clothing,26.07,2.0,1.0,1,1
CUST_1331,PROD_047,Home & Kitchen,51.47,10.0,2.0,1,1
CUST_1097,PROD_042,Beauty,22.83,8.0,4.0,0,1
CUST_1192,PROD_029,Books,26.96,18.0,11.0,1,12
CUST_1366,PROD_043,Electronics,673.49,11.0,2.0,2,2
CUST_1285,PROD_039,Clothing,145.48,11.0,5.0,2,5
CUST_1096,PROD_013,Electronics,481.7,14.0,5.0,2,12
CUST_1341,PROD_014,Clothing,26.07,8.0,3.0,3,2
CUST_1398,PROD_004,,58.99,28.0,17.0,2,2
CUST_1116,PROD_016,Sports,43.57,16.0,10.0,0,5
CUST_1188,PROD_015,Books,,12.0,3.0,0,2
CUST_1333,PROD_001,Books,57.63,6.0,2.0,0,0
CUST_1110,PROD_002,Home & Kitchen,256.11,5.0,0.0,0,1
CUST_1010,PROD_036,Electronics,819.91,5.0,0.0,0,0
CUST_1359,PROD_047,Home & Kitchen,51.47,5.0,2.0,0,5
CUST_1301,PROD_004,Home & Kitchen,58.99,7.0,4.0,3,0
CUST_1197,PROD_010,Books,20.8,10.0,3.0,0,1
CUST_1207,PROD_028,Books,20.75,9.0,4.0,0,5
CUST_1267,PROD_039,Clothing,145.48,3.0,0.0,0,3
CUST_1209,PROD_003,Beauty,31.38,9.0,1.0,0,1
CUST_1283,PROD_002,Home & Kitchen,256.11,10.0,5.0,0,1
